date,impressions
Sun Feb 16 19:33:00 UTC 2025,1
Sun Feb 16 20:45:00 UTC 2025,5000
Sun Feb 16 21:56:00 UTC 2025,8000
Sun Feb 16 23:17:00 UTC 2025,10000
Mon Feb 17 02:11:00 UTC 2025,15000
Mon Feb 17 06:36:00 UTC 2025,20000
Mon Feb 17 16:41:00 UTC 2025,25000
Mon Feb 17 22:04:00 UTC 2025,30000
Tue Feb 18 04:12:00 UTC 2025,35000
Tue Feb 18 22:34:00 UTC 2025,40000
Tue Feb 18 23:10:00 UTC 2025,45000
Wed Feb 19 00:26:00 UTC 2025,50000
Wed Feb 19 01:45:00 UTC 2025,55000
Wed Feb 19 04:00:00 UTC 2025,58800
Wed Feb 19 06:00:00 UTC 2025,61029
Wed Feb 19 07:04:11 UTC 2025,62392
Wed Feb 19 07:22:00 UTC 2025,62765
Wed Feb 19 08:15:53 UTC 2025,63723
Wed Feb 19 09:16:12 UTC 2025,64520
Wed Feb 19 10:16:13 UTC 2025,65199
Wed Feb 19 11:15:19 UTC 2025,65749
Wed Feb 19 12:17:39 UTC 2025,66469
Wed Feb 19 13:17:32 UTC 2025,67240
Wed Feb 19 14:15:54 UTC 2025,67762
Wed Feb 19 15:16:17 UTC 2025,68316
Wed Feb 19 16:16:40 UTC 2025,68765
Wed Feb 19 17:15:41 UTC 2025,69203
Wed Feb 19 18:16:53 UTC 2025,69638
Wed Feb 19 19:15:27 UTC 2025,70004
Wed Feb 19 20:16:25 UTC 2025,70363
Wed Feb 19 21:15:56 UTC 2025,70695
Wed Feb 19 22:15:42 UTC 2025,71553
Wed Feb 19 23:15:44 UTC 2025,72104
Thu Feb 20 00:32:34 UTC 2025,72452
Thu Feb 20 01:44:39 UTC 2025,73150
Thu Feb 20 02:32:40 UTC 2025,73619
Thu Feb 20 03:16:53 UTC 2025,74642
Thu Feb 20 04:16:49 UTC 2025,75277
Thu Feb 20 05:15:54 UTC 2025,75701
Thu Feb 20 06:16:58 UTC 2025,76111
Thu Feb 20 07:15:48 UTC 2025,76482
Thu Feb 20 08:16:52 UTC 2025,76786
Thu Feb 20 09:16:11 UTC 2025,76937
Thu Feb 20 10:16:16 UTC 2025,77140
Thu Feb 20 11:15:21 UTC 2025,77268
Thu Feb 20 12:17:46 UTC 2025,77505
Thu Feb 20 13:17:43 UTC 2025,77726
Thu Feb 20 14:16:01 UTC 2025,77875
Thu Feb 20 15:16:27 UTC 2025,78015
Thu Feb 20 16:16:53 UTC 2025,78194
Thu Feb 20 17:15:32 UTC 2025,78352
Thu Feb 20 18:16:57 UTC 2025,78464
Thu Feb 20 19:15:25 UTC 2025,78619
Thu Feb 20 20:16:20 UTC 2025,78744
Thu Feb 20 21:15:37 UTC 2025,78894
Thu Feb 20 22:15:47 UTC 2025,79022
Thu Feb 20 23:16:19 UTC 2025,79169
Fri Feb 21 00:32:37 UTC 2025,79363
Fri Feb 21 01:44:39 UTC 2025,79523
Fri Feb 21 02:32:43 UTC 2025,80145
Fri Feb 21 03:17:15 UTC 2025,80589
Fri Feb 21 04:16:53 UTC 2025,81050
Fri Feb 21 05:15:51 UTC 2025,81451
Fri Feb 21 06:17:05 UTC 2025,81887
Fri Feb 21 07:15:59 UTC 2025,82328
Fri Feb 21 08:16:50 UTC 2025,82730
Fri Feb 21 09:16:05 UTC 2025,83009
Fri Feb 21 10:16:22 UTC 2025,83267
Fri Feb 21 11:15:37 UTC 2025,83476
Fri Feb 21 12:17:47 UTC 2025,83717
Fri Feb 21 13:17:27 UTC 2025,84256
Fri Feb 21 14:15:46 UTC 2025,84698
Fri Feb 21 15:16:08 UTC 2025,84991
Fri Feb 21 16:16:39 UTC 2025,85243
Fri Feb 21 17:15:27 UTC 2025,85445
Fri Feb 21 18:17:07 UTC 2025,85595
Fri Feb 21 19:15:05 UTC 2025,85755
Fri Feb 21 20:16:16 UTC 2025,85896
Fri Feb 21 21:15:17 UTC 2025,86061
Fri Feb 21 22:15:40 UTC 2025,86666
Fri Feb 21 23:16:20 UTC 2025,87905
Sat Feb 22 00:31:15 UTC 2025,89031
Sat Feb 22 01:44:25 UTC 2025,89629
Sat Feb 22 02:31:20 UTC 2025,90114
Sat Feb 22 03:16:28 UTC 2025,90432
Sat Feb 22 04:16:48 UTC 2025,91123
Sat Feb 22 05:15:45 UTC 2025,91473
Sat Feb 22 06:16:55 UTC 2025,91831
Sat Feb 22 06:42:38 UTC 2025,91963
Sat Feb 22 07:15:24 UTC 2025,92166
Sat Feb 22 08:16:30 UTC 2025,92538
Sat Feb 22 09:15:56 UTC 2025,92871
Sat Feb 22 10:16:45 UTC 2025,93118
Sat Feb 22 11:14:51 UTC 2025,93337
Sat Feb 22 12:17:24 UTC 2025,93553
Sat Feb 22 13:16:16 UTC 2025,93820
Sat Feb 22 14:15:20 UTC 2025,94086
Sat Feb 22 15:15:34 UTC 2025,94325
Sat Feb 22 16:16:08 UTC 2025,94563
Sat Feb 22 17:15:25 UTC 2025,94772
Sat Feb 22 18:16:44 UTC 2025,94969
Sat Feb 22 19:15:03 UTC 2025,95139
Sat Feb 22 20:15:51 UTC 2025,95319
Sat Feb 22 21:15:52 UTC 2025,95471
Sat Feb 22 22:15:32 UTC 2025,95606
Sat Feb 22 23:15:37 UTC 2025,95715
Sat Feb 22 23:42:08 UTC 2025,95748
Sun Feb 23 00:35:03 UTC 2025,95855
Sun Feb 23 01:44:55 UTC 2025,95931
Sun Feb 23 02:35:03 UTC 2025,95996
Sun Feb 23 03:17:26 UTC 2025,96039
Sun Feb 23 04:16:24 UTC 2025,96109
Sun Feb 23 05:15:48 UTC 2025,96162
Sun Feb 23 06:16:41 UTC 2025,96219
Sun Feb 23 07:15:44 UTC 2025,96320
Sun Feb 23 08:16:42 UTC 2025,96377
Sun Feb 23 09:15:44 UTC 2025,96444
Sun Feb 23 10:15:58 UTC 2025,96515
Sun Feb 23 11:15:14 UTC 2025,96588
Sun Feb 23 12:17:32 UTC 2025,96631
Sun Feb 23 13:16:24 UTC 2025,96716
Sun Feb 23 14:16:04 UTC 2025,96771
Sun Feb 23 15:15:46 UTC 2025,96829
Sun Feb 23 16:16:13 UTC 2025,96885
Sun Feb 23 17:15:18 UTC 2025,96962
Sun Feb 23 18:16:36 UTC 2025,97024
Sun Feb 23 19:15:01 UTC 2025,97072
Sun Feb 23 20:15:56 UTC 2025,97113
Sun Feb 23 21:15:38 UTC 2025,97156
Sun Feb 23 22:15:38 UTC 2025,97211
Sun Feb 23 23:15:38 UTC 2025,97273
Mon Feb 24 00:33:52 UTC 2025,97339
Mon Feb 24 01:44:46 UTC 2025,97386
Mon Feb 24 02:35:21 UTC 2025,97410
Mon Feb 24 03:17:48 UTC 2025,97438
Mon Feb 24 04:16:36 UTC 2025,97483
Mon Feb 24 05:15:55 UTC 2025,97534
Mon Feb 24 06:17:10 UTC 2025,97590
Mon Feb 24 07:15:59 UTC 2025,97623
Mon Feb 24 08:16:59 UTC 2025,97656
Mon Feb 24 09:16:28 UTC 2025,97679
Mon Feb 24 10:16:25 UTC 2025,97716
Mon Feb 24 11:15:30 UTC 2025,97744
Mon Feb 24 12:17:45 UTC 2025,97772
Mon Feb 24 13:17:52 UTC 2025,97794
Mon Feb 24 14:16:01 UTC 2025,97835
Mon Feb 24 15:16:34 UTC 2025,97890
Mon Feb 24 16:16:53 UTC 2025,97917
Mon Feb 24 17:15:26 UTC 2025,97969
Mon Feb 24 18:17:02 UTC 2025,98010
Mon Feb 24 19:15:16 UTC 2025,98051
Mon Feb 24 20:16:25 UTC 2025,98094
Mon Feb 24 21:15:59 UTC 2025,98156
Mon Feb 24 22:15:53 UTC 2025,98363
Mon Feb 24 23:15:49 UTC 2025,98571
Tue Feb 25 00:33:05 UTC 2025,98681
Tue Feb 25 01:44:42 UTC 2025,98782
Tue Feb 25 02:33:51 UTC 2025,98841
Tue Feb 25 03:17:35 UTC 2025,98894
Tue Feb 25 04:16:43 UTC 2025,98968
Tue Feb 25 05:15:55 UTC 2025,99032
Tue Feb 25 06:16:59 UTC 2025,99084
Tue Feb 25 07:15:59 UTC 2025,99145
Tue Feb 25 08:16:53 UTC 2025,99242
Tue Feb 25 09:16:13 UTC 2025,99295
Tue Feb 25 10:16:25 UTC 2025,99337
Tue Feb 25 11:15:25 UTC 2025,99379
Tue Feb 25 12:17:44 UTC 2025,99410
Tue Feb 25 13:17:45 UTC 2025,99451
Tue Feb 25 14:15:58 UTC 2025,99508
Tue Feb 25 15:16:27 UTC 2025,99569
Tue Feb 25 16:16:55 UTC 2025,99605
Tue Feb 25 17:16:17 UTC 2025,99656
Tue Feb 25 18:17:02 UTC 2025,99691
Tue Feb 25 19:15:33 UTC 2025,99712
Tue Feb 25 20:16:21 UTC 2025,99757
Tue Feb 25 21:15:47 UTC 2025,99800
Tue Feb 25 22:15:52 UTC 2025,99845
Tue Feb 25 23:15:45 UTC 2025,99877
Wed Feb 26 00:32:50 UTC 2025,99908
Wed Feb 26 01:44:42 UTC 2025,99928
Wed Feb 26 02:33:32 UTC 2025,99948
Wed Feb 26 03:09:37 UTC 2025,99974
Wed Feb 26 04:16:42 UTC 2025,100025
Wed Feb 26 05:15:59 UTC 2025,100044
Wed Feb 26 06:17:09 UTC 2025,100059
Wed Feb 26 07:16:02 UTC 2025,100084
Wed Feb 26 08:16:57 UTC 2025,100108
Wed Feb 26 09:16:17 UTC 2025,100131
Wed Feb 26 10:16:22 UTC 2025,100144
Wed Feb 26 11:15:32 UTC 2025,100155
Wed Feb 26 12:17:47 UTC 2025,100180
Wed Feb 26 13:17:51 UTC 2025,100192
Wed Feb 26 14:15:58 UTC 2025,100214
Wed Feb 26 15:16:24 UTC 2025,100255
Wed Feb 26 16:16:52 UTC 2025,100280
Wed Feb 26 17:15:38 UTC 2025,100330
Wed Feb 26 18:17:03 UTC 2025,100376
Wed Feb 26 19:15:27 UTC 2025,100492
Wed Feb 26 20:16:21 UTC 2025,100546
Wed Feb 26 21:15:49 UTC 2025,100588
Wed Feb 26 22:15:51 UTC 2025,100638
Wed Feb 26 23:16:37 UTC 2025,100665
Thu Feb 27 00:32:50 UTC 2025,100699
Thu Feb 27 01:44:43 UTC 2025,100725
Thu Feb 27 02:34:36 UTC 2025,100745
Thu Feb 27 03:17:42 UTC 2025,100768
Thu Feb 27 04:16:42 UTC 2025,100783
Thu Feb 27 05:16:10 UTC 2025,100817
Thu Feb 27 06:17:04 UTC 2025,100851
Thu Feb 27 07:15:54 UTC 2025,100879
Thu Feb 27 08:17:46 UTC 2025,100908
Thu Feb 27 09:16:17 UTC 2025,100934
Thu Feb 27 10:16:21 UTC 2025,100959
Thu Feb 27 11:15:25 UTC 2025,100982
Thu Feb 27 12:17:47 UTC 2025,101000
Thu Feb 27 13:17:56 UTC 2025,101018
Thu Feb 27 14:15:55 UTC 2025,101034
Thu Feb 27 15:16:27 UTC 2025,101048
Thu Feb 27 16:16:56 UTC 2025,101076
Thu Feb 27 17:15:51 UTC 2025,101112
Thu Feb 27 18:16:58 UTC 2025,101148
Thu Feb 27 19:15:16 UTC 2025,101182
Thu Feb 27 20:16:21 UTC 2025,101200
Thu Feb 27 21:15:48 UTC 2025,101216
Thu Feb 27 22:16:06 UTC 2025,101241
Thu Feb 27 23:16:05 UTC 2025,101259
Fri Feb 28 00:33:03 UTC 2025,101303
Fri Feb 28 01:44:45 UTC 2025,101315
Fri Feb 28 02:34:56 UTC 2025,101320
Fri Feb 28 03:17:49 UTC 2025,101324
Fri Feb 28 04:16:40 UTC 2025,102024
Fri Feb 28 05:16:58 UTC 2025,102432
Fri Feb 28 06:17:02 UTC 2025,102689
Fri Feb 28 07:16:11 UTC 2025,102947
Fri Feb 28 08:17:07 UTC 2025,103116
Fri Feb 28 09:16:16 UTC 2025,103272
Fri Feb 28 10:16:14 UTC 2025,103425
Fri Feb 28 11:15:29 UTC 2025,103525
Fri Feb 28 12:17:52 UTC 2025,103595
Fri Feb 28 13:17:50 UTC 2025,103677
Fri Feb 28 14:15:51 UTC 2025,103730
Fri Feb 28 15:16:15 UTC 2025,103818
Fri Feb 28 16:17:03 UTC 2025,103892
Fri Feb 28 17:15:20 UTC 2025,103952
Fri Feb 28 18:16:57 UTC 2025,104017
Fri Feb 28 19:15:51 UTC 2025,104071
Fri Feb 28 20:16:18 UTC 2025,104127
Fri Feb 28 21:15:41 UTC 2025,104210
Fri Feb 28 22:15:50 UTC 2025,104267
Fri Feb 28 23:15:49 UTC 2025,105476
Sat Mar  1 00:36:00 UTC 2025,106159
Sat Mar  1 01:45:04 UTC 2025,106517
Sat Mar  1 02:37:51 UTC 2025,107453
Sat Mar  1 03:20:45 UTC 2025,109139
Sat Mar  1 04:16:30 UTC 2025,110793
Sat Mar  1 05:15:46 UTC 2025,111688
Sat Mar  1 06:16:53 UTC 2025,112474
Sat Mar  1 07:15:34 UTC 2025,113304
Sat Mar  1 08:16:36 UTC 2025,114272
Sat Mar  1 09:15:53 UTC 2025,114877
Sat Mar  1 10:16:15 UTC 2025,115353
Sat Mar  1 11:15:03 UTC 2025,115812
Sat Mar  1 12:17:26 UTC 2025,116310
Sat Mar  1 13:16:39 UTC 2025,116795
Sat Mar  1 14:15:42 UTC 2025,117207
Sat Mar  1 15:16:29 UTC 2025,117691
Sat Mar  1 16:16:21 UTC 2025,118431
Sat Mar  1 17:15:19 UTC 2025,121050
Sat Mar  1 18:16:35 UTC 2025,122294
Sat Mar  1 19:15:03 UTC 2025,130867
Sat Mar  1 20:15:57 UTC 2025,139692
Sat Mar  1 21:15:42 UTC 2025,145741
Sat Mar  1 22:15:47 UTC 2025,150344
Sat Mar  1 23:16:24 UTC 2025,154464
Sun Mar  2 00:35:37 UTC 2025,159917
Sun Mar  2 01:44:59 UTC 2025,166314
Sun Mar  2 02:36:54 UTC 2025,171595
Sun Mar  2 03:18:13 UTC 2025,174179
Sun Mar  2 04:16:23 UTC 2025,175870
Sun Mar  2 05:15:50 UTC 2025,177365
Sun Mar  2 06:16:57 UTC 2025,178717
Sun Mar  2 07:15:31 UTC 2025,180169
Sun Mar  2 08:16:24 UTC 2025,181553
Sun Mar  2 09:15:59 UTC 2025,182696
Sun Mar  2 10:15:57 UTC 2025,183629
Sun Mar  2 11:15:25 UTC 2025,184454
Sun Mar  2 12:17:27 UTC 2025,185488
Sun Mar  2 13:16:32 UTC 2025,186489
Sun Mar  2 14:15:52 UTC 2025,187245
Sun Mar  2 15:16:04 UTC 2025,188107
Sun Mar  2 16:16:49 UTC 2025,189017
Sun Mar  2 17:15:17 UTC 2025,189728
Sun Mar  2 18:16:50 UTC 2025,190479
Sun Mar  2 19:15:26 UTC 2025,191068
Sun Mar  2 20:16:05 UTC 2025,191614
Sun Mar  2 21:15:40 UTC 2025,192090
Sun Mar  2 22:16:11 UTC 2025,192534
Sun Mar  2 23:15:41 UTC 2025,192835
Mon Mar  3 00:34:50 UTC 2025,193175
Mon Mar  3 01:44:51 UTC 2025,193541
Mon Mar  3 02:36:11 UTC 2025,193765
Mon Mar  3 03:18:39 UTC 2025,193890
Mon Mar  3 04:16:59 UTC 2025,194078
Mon Mar  3 05:16:06 UTC 2025,194241
Mon Mar  3 06:17:14 UTC 2025,194443
Mon Mar  3 07:16:05 UTC 2025,194664
Mon Mar  3 08:17:19 UTC 2025,194835
Mon Mar  3 09:16:31 UTC 2025,194953
Mon Mar  3 10:16:26 UTC 2025,195055
Mon Mar  3 11:15:37 UTC 2025,195149
Mon Mar  3 12:17:54 UTC 2025,195262
Mon Mar  3 13:17:53 UTC 2025,195380
Mon Mar  3 14:15:57 UTC 2025,195478
Mon Mar  3 15:16:24 UTC 2025,195585
Mon Mar  3 16:16:41 UTC 2025,195692
Mon Mar  3 17:15:43 UTC 2025,195811
Mon Mar  3 18:17:02 UTC 2025,195931
Mon Mar  3 19:15:19 UTC 2025,196319
Mon Mar  3 20:16:45 UTC 2025,196794
Mon Mar  3 21:16:03 UTC 2025,197036
Mon Mar  3 22:15:55 UTC 2025,197224
Mon Mar  3 23:15:48 UTC 2025,197391
Tue Mar  4 00:33:15 UTC 2025,197617
Tue Mar  4 01:44:49 UTC 2025,198368
Tue Mar  4 02:35:31 UTC 2025,198621
Tue Mar  4 03:18:24 UTC 2025,198775
Tue Mar  4 04:17:01 UTC 2025,198954
Tue Mar  4 05:15:54 UTC 2025,199089
Tue Mar  4 06:17:04 UTC 2025,199292
Tue Mar  4 07:16:07 UTC 2025,199871
Tue Mar  4 08:16:35 UTC 2025,200155
Tue Mar  4 09:16:19 UTC 2025,200302
Tue Mar  4 10:16:37 UTC 2025,200402
Tue Mar  4 11:15:27 UTC 2025,200541
Tue Mar  4 12:17:44 UTC 2025,200647
Tue Mar  4 13:17:51 UTC 2025,200893
Tue Mar  4 14:15:55 UTC 2025,201113
Tue Mar  4 15:16:23 UTC 2025,201284
Tue Mar  4 16:16:49 UTC 2025,201393
Tue Mar  4 17:15:46 UTC 2025,201491
Tue Mar  4 18:17:13 UTC 2025,201595
Tue Mar  4 19:15:15 UTC 2025,201694
Tue Mar  4 20:16:23 UTC 2025,201802
Tue Mar  4 21:15:52 UTC 2025,201895
Tue Mar  4 22:15:35 UTC 2025,201998
Tue Mar  4 23:15:53 UTC 2025,202060
Wed Mar  5 00:33:26 UTC 2025,202117
Wed Mar  5 01:44:52 UTC 2025,202170
Wed Mar  5 02:35:21 UTC 2025,202217
Wed Mar  5 03:17:59 UTC 2025,202243
Wed Mar  5 04:16:41 UTC 2025,202304
Wed Mar  5 05:16:02 UTC 2025,202357
Wed Mar  5 06:17:09 UTC 2025,202405
Wed Mar  5 07:16:13 UTC 2025,202441
Wed Mar  5 08:17:05 UTC 2025,202474
Wed Mar  5 09:16:27 UTC 2025,202520
Wed Mar  5 10:16:26 UTC 2025,202549
Wed Mar  5 11:15:29 UTC 2025,202580
Wed Mar  5 12:17:46 UTC 2025,202615
Wed Mar  5 13:17:56 UTC 2025,202645
Wed Mar  5 14:16:01 UTC 2025,202676
Wed Mar  5 15:16:31 UTC 2025,202707
Wed Mar  5 16:17:56 UTC 2025,202741
Wed Mar  5 17:15:43 UTC 2025,202771
Wed Mar  5 18:17:14 UTC 2025,202805
Wed Mar  5 19:15:23 UTC 2025,202830
Wed Mar  5 20:16:25 UTC 2025,202865
Wed Mar  5 21:15:54 UTC 2025,202898
Wed Mar  5 22:15:55 UTC 2025,202931
Wed Mar  5 23:16:17 UTC 2025,202975
Thu Mar  6 00:33:22 UTC 2025,203021
Thu Mar  6 01:44:49 UTC 2025,203056
Thu Mar  6 02:36:02 UTC 2025,203077
Thu Mar  6 03:18:17 UTC 2025,203089
Thu Mar  6 04:16:35 UTC 2025,203113
Thu Mar  6 05:15:58 UTC 2025,203176
Thu Mar  6 06:17:14 UTC 2025,203209
Thu Mar  6 07:16:41 UTC 2025,203303
Thu Mar  6 08:16:52 UTC 2025,203381
Thu Mar  6 09:16:15 UTC 2025,203431
Thu Mar  6 10:16:35 UTC 2025,203468
Thu Mar  6 11:15:23 UTC 2025,203497
Thu Mar  6 12:17:45 UTC 2025,203529
Thu Mar  6 13:17:49 UTC 2025,203552
Thu Mar  6 14:15:51 UTC 2025,203585
Thu Mar  6 15:16:17 UTC 2025,203626
Thu Mar  6 16:16:51 UTC 2025,203657
Thu Mar  6 17:15:43 UTC 2025,203682
Thu Mar  6 18:17:01 UTC 2025,203709
Thu Mar  6 19:15:21 UTC 2025,203778
Thu Mar  6 20:16:24 UTC 2025,203811
Thu Mar  6 21:15:55 UTC 2025,203846
Thu Mar  6 22:15:51 UTC 2025,203871
Thu Mar  6 23:15:57 UTC 2025,203929
Fri Mar  7 00:33:33 UTC 2025,204503
Fri Mar  7 01:44:52 UTC 2025,205000
Fri Mar  7 02:36:18 UTC 2025,205403
Fri Mar  7 03:18:48 UTC 2025,205819
Fri Mar  7 04:16:43 UTC 2025,206118
Fri Mar  7 05:16:06 UTC 2025,206391
Fri Mar  7 06:17:03 UTC 2025,206487
Fri Mar  7 07:15:53 UTC 2025,206501
Fri Mar  7 08:17:14 UTC 2025,206531
Fri Mar  7 09:16:15 UTC 2025,206555
Fri Mar  7 10:16:16 UTC 2025,206579
Fri Mar  7 11:15:42 UTC 2025,206592
Fri Mar  7 12:17:43 UTC 2025,206612
Fri Mar  7 13:17:40 UTC 2025,206635
Fri Mar  7 14:15:54 UTC 2025,206651
Fri Mar  7 15:16:11 UTC 2025,206669
Fri Mar  7 16:16:44 UTC 2025,206703
Fri Mar  7 17:15:36 UTC 2025,206729
Fri Mar  7 18:17:00 UTC 2025,206753
Fri Mar  7 19:15:13 UTC 2025,206771
Fri Mar  7 20:16:40 UTC 2025,206801
Fri Mar  7 21:15:25 UTC 2025,206829
Fri Mar  7 22:15:23 UTC 2025,206859
Fri Mar  7 23:15:32 UTC 2025,206876
Sat Mar  8 00:26:45 UTC 2025,206897
Sat Mar  8 01:36:07 UTC 2025,206924
Sat Mar  8 02:20:38 UTC 2025,206934
Sat Mar  8 03:15:50 UTC 2025,206948
Sat Mar  8 04:15:52 UTC 2025,206962
Sat Mar  8 05:15:14 UTC 2025,206972
Sat Mar  8 06:16:19 UTC 2025,206980
Sat Mar  8 07:15:19 UTC 2025,206995
Sat Mar  8 08:16:09 UTC 2025,207014
Sat Mar  8 09:15:47 UTC 2025,207031
Sat Mar  8 10:15:26 UTC 2025,207044
Sat Mar  8 11:15:00 UTC 2025,207068
Sat Mar  8 12:17:06 UTC 2025,207085
Sat Mar  8 13:16:05 UTC 2025,207113
Sat Mar  8 14:14:43 UTC 2025,207124
Sat Mar  8 15:15:20 UTC 2025,207144
Sat Mar  8 16:15:56 UTC 2025,207170
Sat Mar  8 17:14:57 UTC 2025,207184
Sat Mar  8 18:16:09 UTC 2025,207191
Sat Mar  8 19:14:44 UTC 2025,207219
Sat Mar  8 20:15:39 UTC 2025,207233
Sat Mar  8 21:15:16 UTC 2025,207248
Sat Mar  8 22:15:01 UTC 2025,207262
Sat Mar  8 23:15:34 UTC 2025,207272
Sun Mar  9 00:30:00 UTC 2025,207285
Sun Mar  9 01:40:31 UTC 2025,207288
Sun Mar  9 02:23:38 UTC 2025,207292
Sun Mar  9 03:15:50 UTC 2025,207296
Sun Mar  9 04:15:53 UTC 2025,207304
Sun Mar  9 05:15:11 UTC 2025,207313
Sun Mar  9 06:16:20 UTC 2025,207323
Sun Mar  9 07:14:58 UTC 2025,207333
Sun Mar  9 08:16:19 UTC 2025,207337
Sun Mar  9 09:16:12 UTC 2025,207349
Sun Mar  9 10:16:54 UTC 2025,207397
Sun Mar  9 11:14:54 UTC 2025,207423
Sun Mar  9 12:17:00 UTC 2025,207430
Sun Mar  9 13:15:54 UTC 2025,207431
Sun Mar  9 14:14:55 UTC 2025,207445
Sun Mar  9 15:15:45 UTC 2025,207457
Sun Mar  9 16:16:08 UTC 2025,207470
Sun Mar  9 17:15:48 UTC 2025,207478
Sun Mar  9 18:16:03 UTC 2025,207489
Sun Mar  9 19:14:11 UTC 2025,207506
Sun Mar  9 20:16:54 UTC 2025,207541
Sun Mar  9 21:15:27 UTC 2025,207547
Sun Mar  9 22:15:23 UTC 2025,207558
Sun Mar  9 23:15:31 UTC 2025,207563
Mon Mar 10 00:29:04 UTC 2025,207581
Mon Mar 10 01:39:58 UTC 2025,207588
Mon Mar 10 02:24:28 UTC 2025,207597
Mon Mar 10 03:16:06 UTC 2025,207613
Mon Mar 10 04:15:59 UTC 2025,207637
Mon Mar 10 05:15:30 UTC 2025,207648
Mon Mar 10 06:16:50 UTC 2025,207661
Mon Mar 10 07:15:51 UTC 2025,207667
Mon Mar 10 08:16:29 UTC 2025,207678
Mon Mar 10 09:15:48 UTC 2025,207690
Mon Mar 10 10:16:15 UTC 2025,207695
Mon Mar 10 11:15:32 UTC 2025,207729
Mon Mar 10 12:17:52 UTC 2025,207741
Mon Mar 10 13:18:17 UTC 2025,207746
Mon Mar 10 14:16:08 UTC 2025,207758
Mon Mar 10 16:16:58 UTC 2025,207778
Mon Mar 10 17:16:02 UTC 2025,207785
Mon Mar 10 18:16:58 UTC 2025,207798
Mon Mar 10 19:16:06 UTC 2025,207838
Mon Mar 10 20:16:22 UTC 2025,207975
Mon Mar 10 21:15:49 UTC 2025,208067
Mon Mar 10 22:15:54 UTC 2025,208111
Mon Mar 10 23:15:59 UTC 2025,208138
Tue Mar 11 00:33:35 UTC 2025,208162
Tue Mar 11 01:45:01 UTC 2025,208196
Tue Mar 11 02:36:21 UTC 2025,208212
Tue Mar 11 03:19:03 UTC 2025,208226
Tue Mar 11 04:16:44 UTC 2025,208233
Tue Mar 11 05:15:55 UTC 2025,208256
Tue Mar 11 06:17:10 UTC 2025,208276
Tue Mar 11 07:16:00 UTC 2025,208290
Tue Mar 11 08:16:54 UTC 2025,208313
Tue Mar 11 09:16:22 UTC 2025,208319
Tue Mar 11 10:16:28 UTC 2025,208336
Tue Mar 11 11:15:34 UTC 2025,208340
Tue Mar 11 12:17:54 UTC 2025,208345
Tue Mar 11 13:18:07 UTC 2025,208354
Tue Mar 11 14:16:18 UTC 2025,208366
Tue Mar 11 15:16:32 UTC 2025,208382
Tue Mar 11 16:17:05 UTC 2025,208400
Tue Mar 11 17:15:52 UTC 2025,208411
Tue Mar 11 18:17:08 UTC 2025,208422
Tue Mar 11 19:15:49 UTC 2025,208446
Tue Mar 11 20:16:23 UTC 2025,208454
Tue Mar 11 21:15:21 UTC 2025,208466
Tue Mar 11 22:15:51 UTC 2025,208474
Tue Mar 11 23:15:51 UTC 2025,208484
Wed Mar 12 00:33:22 UTC 2025,208489
Wed Mar 12 01:44:49 UTC 2025,208502
Wed Mar 12 02:35:45 UTC 2025,208514
Wed Mar 12 03:18:10 UTC 2025,208526
Wed Mar 12 04:17:04 UTC 2025,208534
Wed Mar 12 05:16:00 UTC 2025,208542
Wed Mar 12 06:17:06 UTC 2025,208554
Wed Mar 12 07:16:04 UTC 2025,208565
Wed Mar 12 08:17:07 UTC 2025,208576
Wed Mar 12 09:16:23 UTC 2025,208590
Wed Mar 12 10:16:19 UTC 2025,208601
Wed Mar 12 11:15:31 UTC 2025,208611
Wed Mar 12 12:17:46 UTC 2025,208620
Wed Mar 12 13:18:06 UTC 2025,208626
Wed Mar 12 14:16:05 UTC 2025,208646
Wed Mar 12 15:16:29 UTC 2025,208654
Wed Mar 12 16:16:50 UTC 2025,208665
Wed Mar 12 17:15:52 UTC 2025,208678
Wed Mar 12 18:17:14 UTC 2025,208691
Wed Mar 12 19:15:17 UTC 2025,208708
Wed Mar 12 20:16:26 UTC 2025,208718
Wed Mar 12 21:15:49 UTC 2025,208726
Wed Mar 12 22:16:00 UTC 2025,208733
Wed Mar 12 23:16:00 UTC 2025,208750
Thu Mar 13 00:34:02 UTC 2025,208757
Thu Mar 13 01:44:52 UTC 2025,208766
Thu Mar 13 02:37:06 UTC 2025,208773
Thu Mar 13 03:19:16 UTC 2025,208778
Thu Mar 13 04:16:44 UTC 2025,208795
Thu Mar 13 05:16:35 UTC 2025,208799
Thu Mar 13 06:17:14 UTC 2025,208810
Thu Mar 13 07:16:33 UTC 2025,208821
Thu Mar 13 08:17:04 UTC 2025,208824
Thu Mar 13 09:16:20 UTC 2025,208822
Thu Mar 13 10:16:24 UTC 2025,208829
Thu Mar 13 11:15:38 UTC 2025,208840
Thu Mar 13 12:17:52 UTC 2025,208841
Thu Mar 13 13:18:08 UTC 2025,208851
Thu Mar 13 14:16:01 UTC 2025,208856
Thu Mar 13 15:16:37 UTC 2025,208861
Thu Mar 13 16:17:08 UTC 2025,208879
Thu Mar 13 17:16:08 UTC 2025,208886
Thu Mar 13 18:17:03 UTC 2025,208894
Thu Mar 13 19:15:18 UTC 2025,208902
Thu Mar 13 20:16:25 UTC 2025,208918
Thu Mar 13 21:15:53 UTC 2025,208924
Thu Mar 13 22:15:48 UTC 2025,208926
Thu Mar 13 23:15:54 UTC 2025,208934
Fri Mar 14 00:33:10 UTC 2025,208946
Fri Mar 14 01:44:45 UTC 2025,208951
Fri Mar 14 02:35:33 UTC 2025,208956
Fri Mar 14 03:19:11 UTC 2025,208960
Fri Mar 14 04:16:36 UTC 2025,208968
Fri Mar 14 05:15:55 UTC 2025,208975
Fri Mar 14 06:17:00 UTC 2025,208977
Fri Mar 14 07:16:08 UTC 2025,209001
Fri Mar 14 08:17:04 UTC 2025,209008
Fri Mar 14 09:16:18 UTC 2025,209010
Fri Mar 14 10:16:18 UTC 2025,209020
Fri Mar 14 11:15:37 UTC 2025,209021
Fri Mar 14 12:17:42 UTC 2025,209027
Fri Mar 14 13:17:39 UTC 2025,209036
Fri Mar 14 14:15:46 UTC 2025,209044
Fri Mar 14 15:16:10 UTC 2025,209047
Fri Mar 14 16:16:40 UTC 2025,209059
Fri Mar 14 17:15:27 UTC 2025,209068
Fri Mar 14 18:16:59 UTC 2025,209070
Fri Mar 14 19:15:29 UTC 2025,209071
Fri Mar 14 20:16:23 UTC 2025,209078
Fri Mar 14 21:16:00 UTC 2025,209081
Fri Mar 14 22:15:51 UTC 2025,209083
Fri Mar 14 23:15:57 UTC 2025,209097
Sat Mar 15 00:33:16 UTC 2025,209103
Sat Mar 15 01:44:48 UTC 2025,209113
Sat Mar 15 02:33:45 UTC 2025,209125
Sat Mar 15 03:17:41 UTC 2025,209128
Sat Mar 15 04:16:28 UTC 2025,209130
Sat Mar 15 05:15:43 UTC 2025,209132
Sat Mar 15 06:16:48 UTC 2025,209135
Sat Mar 15 07:15:57 UTC 2025,209141
Sat Mar 15 08:16:37 UTC 2025,209146
Sat Mar 15 09:15:52 UTC 2025,209155
Sat Mar 15 10:16:08 UTC 2025,209156
Sat Mar 15 11:15:01 UTC 2025,209160
Sat Mar 15 12:17:27 UTC 2025,209170
Sat Mar 15 13:16:50 UTC 2025,209178
Sat Mar 15 14:15:57 UTC 2025,209187
Sat Mar 15 15:15:42 UTC 2025,209190
Sat Mar 15 16:16:19 UTC 2025,209195
Sat Mar 15 17:15:27 UTC 2025,209204
Sat Mar 15 18:16:47 UTC 2025,209209
Sat Mar 15 19:14:53 UTC 2025,209211
Sat Mar 15 20:15:59 UTC 2025,209214
Sat Mar 15 21:15:48 UTC 2025,209217
Sat Mar 15 22:16:10 UTC 2025,209218
Sat Mar 15 23:15:42 UTC 2025,209218
Sun Mar 16 00:36:47 UTC 2025,209229
Sun Mar 16 01:45:08 UTC 2025,209233
Sun Mar 16 02:39:43 UTC 2025,209235
Sun Mar 16 03:21:34 UTC 2025,209237
Sun Mar 16 04:16:35 UTC 2025,209241
Sun Mar 16 05:15:59 UTC 2025,209251
Sun Mar 16 06:16:55 UTC 2025,209251
Sun Mar 16 07:16:09 UTC 2025,209257
Sun Mar 16 08:16:38 UTC 2025,209260
Sun Mar 16 09:15:55 UTC 2025,209265
Sun Mar 16 10:15:59 UTC 2025,209275
Sun Mar 16 11:15:29 UTC 2025,209278
Sun Mar 16 12:17:26 UTC 2025,209280
Sun Mar 16 13:17:16 UTC 2025,209280
Sun Mar 16 14:15:29 UTC 2025,209284
Sun Mar 16 15:15:53 UTC 2025,209298
Sun Mar 16 16:16:20 UTC 2025,209302
Sun Mar 16 17:15:34 UTC 2025,209323
Sun Mar 16 18:16:54 UTC 2025,209324
Sun Mar 16 19:15:06 UTC 2025,209329
Sun Mar 16 20:16:28 UTC 2025,209335
Sun Mar 16 21:15:30 UTC 2025,209342
Sun Mar 16 22:15:57 UTC 2025,209342
Sun Mar 16 23:15:58 UTC 2025,209345
Mon Mar 17 00:35:32 UTC 2025,209355
Mon Mar 17 01:45:02 UTC 2025,209360
Mon Mar 17 02:39:01 UTC 2025,209360
Mon Mar 17 03:21:18 UTC 2025,209360
Mon Mar 17 04:16:50 UTC 2025,209365
Mon Mar 17 05:16:07 UTC 2025,209369
Mon Mar 17 06:17:13 UTC 2025,209372
Mon Mar 17 07:16:08 UTC 2025,209377
Mon Mar 17 08:17:09 UTC 2025,209380
Mon Mar 17 09:16:36 UTC 2025,209382
Mon Mar 17 10:16:31 UTC 2025,209396
Mon Mar 17 11:15:41 UTC 2025,209395
Mon Mar 17 12:17:50 UTC 2025,209397
Mon Mar 17 13:18:14 UTC 2025,209418
Mon Mar 17 14:16:11 UTC 2025,209433
Mon Mar 17 15:16:37 UTC 2025,209435
Mon Mar 17 16:17:08 UTC 2025,209450
Mon Mar 17 17:15:52 UTC 2025,209455
Mon Mar 17 18:17:06 UTC 2025,209463
Mon Mar 17 19:15:20 UTC 2025,209470
Mon Mar 17 20:16:29 UTC 2025,209475
Mon Mar 17 21:15:54 UTC 2025,209478
Mon Mar 17 22:16:09 UTC 2025,209483
Mon Mar 17 23:15:55 UTC 2025,209490
Tue Mar 18 00:35:25 UTC 2025,209491
Tue Mar 18 01:45:13 UTC 2025,209492
Tue Mar 18 02:38:29 UTC 2025,209494
Tue Mar 18 03:20:43 UTC 2025,209498
Tue Mar 18 04:16:40 UTC 2025,209501
Tue Mar 18 05:16:17 UTC 2025,209508
Tue Mar 18 06:17:08 UTC 2025,209512
Tue Mar 18 07:16:22 UTC 2025,209516
Tue Mar 18 08:17:02 UTC 2025,209521
Tue Mar 18 09:16:36 UTC 2025,209526
Tue Mar 18 10:16:30 UTC 2025,209532
Tue Mar 18 11:15:29 UTC 2025,209539
Tue Mar 18 12:17:55 UTC 2025,209543
Tue Mar 18 13:18:20 UTC 2025,209545
Tue Mar 18 14:16:15 UTC 2025,209547
Tue Mar 18 15:16:31 UTC 2025,209556
Tue Mar 18 16:17:00 UTC 2025,209560
Tue Mar 18 17:15:52 UTC 2025,209570
Tue Mar 18 18:17:08 UTC 2025,209571
Tue Mar 18 19:15:39 UTC 2025,209571
Tue Mar 18 20:16:27 UTC 2025,209583
Tue Mar 18 21:15:48 UTC 2025,209590
Tue Mar 18 22:16:03 UTC 2025,209593
Tue Mar 18 23:15:54 UTC 2025,209597
Wed Mar 19 00:33:59 UTC 2025,209602
Wed Mar 19 01:44:55 UTC 2025,209609
Wed Mar 19 02:37:42 UTC 2025,209613
Wed Mar 19 03:20:24 UTC 2025,209617
Wed Mar 19 04:16:50 UTC 2025,209617
Wed Mar 19 05:16:02 UTC 2025,209625
Wed Mar 19 06:17:23 UTC 2025,209625
Wed Mar 19 07:17:17 UTC 2025,209638
Wed Mar 19 08:17:05 UTC 2025,209642
Wed Mar 19 09:16:44 UTC 2025,209648
Wed Mar 19 10:16:26 UTC 2025,209652
Wed Mar 19 11:15:35 UTC 2025,209656
Wed Mar 19 12:17:50 UTC 2025,209660
Wed Mar 19 13:18:09 UTC 2025,209663
Wed Mar 19 14:16:05 UTC 2025,209665
Wed Mar 19 15:16:26 UTC 2025,209675
Wed Mar 19 16:16:50 UTC 2025,209688
Wed Mar 19 17:16:00 UTC 2025,209697
Wed Mar 19 18:17:11 UTC 2025,209711
Wed Mar 19 19:15:29 UTC 2025,209722
Wed Mar 19 20:16:27 UTC 2025,209739
Wed Mar 19 21:15:51 UTC 2025,209748
Wed Mar 19 22:15:59 UTC 2025,209753
Wed Mar 19 23:16:07 UTC 2025,209754
Thu Mar 20 00:33:25 UTC 2025,209754
Thu Mar 20 01:44:55 UTC 2025,209760
Thu Mar 20 02:36:44 UTC 2025,209771
Thu Mar 20 03:19:17 UTC 2025,209771
Thu Mar 20 04:16:42 UTC 2025,209775
Thu Mar 20 05:16:07 UTC 2025,209776
Thu Mar 20 06:17:11 UTC 2025,209780
Thu Mar 20 07:16:03 UTC 2025,209786
Thu Mar 20 08:17:08 UTC 2025,209787
Thu Mar 20 09:16:27 UTC 2025,209794
Thu Mar 20 10:16:26 UTC 2025,209794
Thu Mar 20 11:15:43 UTC 2025,209801
Thu Mar 20 12:17:53 UTC 2025,209803
Thu Mar 20 13:17:52 UTC 2025,209809
Thu Mar 20 14:16:22 UTC 2025,209817
Thu Mar 20 15:16:28 UTC 2025,209823
Thu Mar 20 16:16:54 UTC 2025,209831
Thu Mar 20 17:15:51 UTC 2025,209846
Thu Mar 20 18:17:10 UTC 2025,209849
Thu Mar 20 19:15:20 UTC 2025,209865
Thu Mar 20 20:16:30 UTC 2025,209874
Thu Mar 20 21:15:54 UTC 2025,209877
Thu Mar 20 22:15:55 UTC 2025,209880
Thu Mar 20 23:16:32 UTC 2025,209887
Fri Mar 21 00:34:14 UTC 2025,209896
Fri Mar 21 01:44:59 UTC 2025,209901
Fri Mar 21 02:37:59 UTC 2025,209911
Fri Mar 21 03:21:02 UTC 2025,209915
Fri Mar 21 04:16:37 UTC 2025,209922
Fri Mar 21 05:16:07 UTC 2025,209925
Fri Mar 21 06:17:31 UTC 2025,209929
Fri Mar 21 07:16:10 UTC 2025,209938
Fri Mar 21 08:16:56 UTC 2025,209939
Fri Mar 21 09:16:23 UTC 2025,209951
Fri Mar 21 10:16:20 UTC 2025,209951
Fri Mar 21 11:15:33 UTC 2025,209956
Fri Mar 21 12:17:46 UTC 2025,209957
Fri Mar 21 13:17:56 UTC 2025,210025
Fri Mar 21 14:16:06 UTC 2025,210084
Fri Mar 21 15:16:19 UTC 2025,210110
Fri Mar 21 16:17:06 UTC 2025,210133
Fri Mar 21 17:15:51 UTC 2025,210164
Fri Mar 21 18:16:58 UTC 2025,210172
Fri Mar 21 19:15:35 UTC 2025,210190
Fri Mar 21 20:16:19 UTC 2025,210196
Fri Mar 21 21:15:45 UTC 2025,210206
Fri Mar 21 22:15:57 UTC 2025,210216
Fri Mar 21 23:15:55 UTC 2025,210224
Sat Mar 22 00:33:13 UTC 2025,210241
Sat Mar 22 01:44:51 UTC 2025,210241
Sat Mar 22 02:35:11 UTC 2025,210247
Sat Mar 22 03:20:09 UTC 2025,210257
Sat Mar 22 04:16:40 UTC 2025,210267
Sat Mar 22 05:16:03 UTC 2025,210271
Sat Mar 22 06:16:49 UTC 2025,210276
Sat Mar 22 07:15:46 UTC 2025,210280
Sat Mar 22 08:16:36 UTC 2025,210291
Sat Mar 22 09:16:17 UTC 2025,210296
Sat Mar 22 10:16:07 UTC 2025,210304
Sat Mar 22 11:15:16 UTC 2025,210310
Sat Mar 22 12:17:31 UTC 2025,210319
Sat Mar 22 13:16:50 UTC 2025,210335
Sat Mar 22 14:15:46 UTC 2025,210344
Sat Mar 22 15:15:45 UTC 2025,210347
Sat Mar 22 16:16:37 UTC 2025,210352
Sat Mar 22 17:15:13 UTC 2025,210376
Sat Mar 22 18:16:46 UTC 2025,210383
Sat Mar 22 19:15:37 UTC 2025,210388
Sat Mar 22 20:16:14 UTC 2025,210390
Sat Mar 22 21:15:38 UTC 2025,210396
Sat Mar 22 22:16:07 UTC 2025,210399
Sat Mar 22 23:16:08 UTC 2025,210405
Sun Mar 23 00:37:05 UTC 2025,210409
Sun Mar 23 01:45:16 UTC 2025,210417
Sun Mar 23 02:41:26 UTC 2025,210424
Sun Mar 23 03:23:16 UTC 2025,210424
Sun Mar 23 04:16:36 UTC 2025,210437
Sun Mar 23 05:15:59 UTC 2025,210441
Sun Mar 23 06:16:53 UTC 2025,210451
Sun Mar 23 07:15:38 UTC 2025,210453
Sun Mar 23 08:16:41 UTC 2025,210463
Sun Mar 23 09:15:58 UTC 2025,210466
Sun Mar 23 10:15:56 UTC 2025,210475
Sun Mar 23 11:15:28 UTC 2025,210476
Sun Mar 23 12:17:31 UTC 2025,210483
Sun Mar 23 13:17:02 UTC 2025,210487
Sun Mar 23 14:15:28 UTC 2025,210495
Sun Mar 23 15:16:12 UTC 2025,210505
Sun Mar 23 16:16:24 UTC 2025,210505
Sun Mar 23 17:15:52 UTC 2025,210509
Sun Mar 23 18:16:41 UTC 2025,210514
Sun Mar 23 19:15:26 UTC 2025,210517
Sun Mar 23 20:16:06 UTC 2025,210522
Sun Mar 23 21:15:34 UTC 2025,210526
Sun Mar 23 22:15:59 UTC 2025,210535
Sun Mar 23 23:15:46 UTC 2025,210551
Mon Mar 24 00:35:55 UTC 2025,210575
Mon Mar 24 01:45:05 UTC 2025,210578
Mon Mar 24 02:41:16 UTC 2025,210580
Mon Mar 24 03:24:16 UTC 2025,210583
Mon Mar 24 04:16:53 UTC 2025,210583
Mon Mar 24 05:16:07 UTC 2025,210588
Mon Mar 24 06:17:13 UTC 2025,210590
Mon Mar 24 07:16:22 UTC 2025,210596
Mon Mar 24 08:17:13 UTC 2025,210601
Mon Mar 24 09:16:34 UTC 2025,210599
Mon Mar 24 10:16:34 UTC 2025,210602
Mon Mar 24 11:15:43 UTC 2025,210603
Mon Mar 24 12:17:56 UTC 2025,210608
Mon Mar 24 13:18:18 UTC 2025,210608
Mon Mar 24 14:16:08 UTC 2025,210616
Mon Mar 24 15:16:26 UTC 2025,210620
Mon Mar 24 16:17:01 UTC 2025,210623
Mon Mar 24 17:15:57 UTC 2025,210623
Mon Mar 24 18:17:09 UTC 2025,210629
Mon Mar 24 19:15:27 UTC 2025,210633
Mon Mar 24 20:16:15 UTC 2025,210642
Mon Mar 24 21:15:50 UTC 2025,210643
Mon Mar 24 22:16:03 UTC 2025,210650
Mon Mar 24 23:16:18 UTC 2025,210651
Tue Mar 25 00:34:49 UTC 2025,210652
Tue Mar 25 01:44:58 UTC 2025,210654
Tue Mar 25 02:38:57 UTC 2025,210656
Tue Mar 25 03:22:09 UTC 2025,210667
Tue Mar 25 04:16:46 UTC 2025,210667
Tue Mar 25 05:16:36 UTC 2025,210667
Tue Mar 25 06:17:12 UTC 2025,210672
Tue Mar 25 07:16:53 UTC 2025,210676
Tue Mar 25 08:17:03 UTC 2025,210678
Tue Mar 25 09:16:26 UTC 2025,210692
Tue Mar 25 10:16:30 UTC 2025,210693
Tue Mar 25 11:15:39 UTC 2025,210700
Tue Mar 25 12:17:51 UTC 2025,210705
Tue Mar 25 13:18:33 UTC 2025,210705
Tue Mar 25 14:16:16 UTC 2025,210711
Tue Mar 25 15:16:29 UTC 2025,210716
Tue Mar 25 16:17:11 UTC 2025,210720
Tue Mar 25 17:15:53 UTC 2025,210733
Tue Mar 25 18:17:08 UTC 2025,210748
Tue Mar 25 19:15:39 UTC 2025,210754
Tue Mar 25 20:16:28 UTC 2025,210757
Tue Mar 25 21:16:01 UTC 2025,210768
Tue Mar 25 22:16:09 UTC 2025,210772
Tue Mar 25 23:15:48 UTC 2025,210776
Wed Mar 26 00:34:09 UTC 2025,210784
Wed Mar 26 01:44:57 UTC 2025,210784
Wed Mar 26 02:38:09 UTC 2025,210792
Wed Mar 26 03:21:04 UTC 2025,210792
Wed Mar 26 04:16:49 UTC 2025,210791
Wed Mar 26 05:16:03 UTC 2025,210794
Wed Mar 26 06:17:11 UTC 2025,210802
Wed Mar 26 07:16:06 UTC 2025,210803
Wed Mar 26 08:16:56 UTC 2025,210807
Wed Mar 26 09:16:26 UTC 2025,210815
Wed Mar 26 10:16:34 UTC 2025,210821
Wed Mar 26 11:15:49 UTC 2025,210823
Wed Mar 26 12:17:47 UTC 2025,210832
Wed Mar 26 13:18:24 UTC 2025,210838
Wed Mar 26 14:16:27 UTC 2025,210842
Wed Mar 26 15:16:33 UTC 2025,210843
Wed Mar 26 16:17:04 UTC 2025,210845
Wed Mar 26 17:15:54 UTC 2025,210856
Wed Mar 26 18:17:10 UTC 2025,210859
Wed Mar 26 19:15:33 UTC 2025,210863
Wed Mar 26 20:16:30 UTC 2025,210867
Wed Mar 26 21:15:59 UTC 2025,210871
Wed Mar 26 22:15:55 UTC 2025,210874
Wed Mar 26 23:16:05 UTC 2025,210881
Thu Mar 27 00:34:12 UTC 2025,210888
Thu Mar 27 01:44:55 UTC 2025,210906
Thu Mar 27 02:38:17 UTC 2025,210908
Thu Mar 27 03:21:43 UTC 2025,210908
Thu Mar 27 04:16:37 UTC 2025,210908
Thu Mar 27 05:16:05 UTC 2025,210917
Thu Mar 27 06:17:09 UTC 2025,210920
Thu Mar 27 07:16:07 UTC 2025,210927
Thu Mar 27 08:16:56 UTC 2025,210929
Thu Mar 27 09:16:46 UTC 2025,210932
Thu Mar 27 10:16:23 UTC 2025,210935
Thu Mar 27 11:15:33 UTC 2025,210935
Thu Mar 27 12:17:58 UTC 2025,210939
Thu Mar 27 13:18:17 UTC 2025,210943
Thu Mar 27 14:16:10 UTC 2025,210946
Thu Mar 27 15:16:28 UTC 2025,210954
Thu Mar 27 16:16:53 UTC 2025,210957
Thu Mar 27 17:15:46 UTC 2025,210962
Thu Mar 27 18:17:03 UTC 2025,210967
Thu Mar 27 19:15:30 UTC 2025,210976
Thu Mar 27 20:16:29 UTC 2025,210984
Thu Mar 27 21:16:00 UTC 2025,210985
Thu Mar 27 22:16:03 UTC 2025,210997
Thu Mar 27 23:16:25 UTC 2025,210999
Fri Mar 28 00:34:19 UTC 2025,211009
Fri Mar 28 01:44:57 UTC 2025,211019
Fri Mar 28 02:39:30 UTC 2025,211020
Fri Mar 28 03:22:40 UTC 2025,211028
Fri Mar 28 04:16:41 UTC 2025,211029
Fri Mar 28 05:16:11 UTC 2025,211034
Fri Mar 28 06:17:39 UTC 2025,211043
Fri Mar 28 07:16:10 UTC 2025,211046
Fri Mar 28 08:17:03 UTC 2025,211047
Fri Mar 28 09:16:24 UTC 2025,211054
Fri Mar 28 10:16:32 UTC 2025,211057
Fri Mar 28 11:15:29 UTC 2025,211061
Fri Mar 28 12:17:50 UTC 2025,211065
Fri Mar 28 13:18:03 UTC 2025,211066
Fri Mar 28 14:15:59 UTC 2025,211069
Fri Mar 28 15:16:26 UTC 2025,211072
Fri Mar 28 16:16:52 UTC 2025,211077
Fri Mar 28 17:15:48 UTC 2025,211093
Fri Mar 28 18:17:11 UTC 2025,211095
Fri Mar 28 19:15:35 UTC 2025,211094
Fri Mar 28 20:16:28 UTC 2025,211094
Fri Mar 28 21:15:53 UTC 2025,211101
Fri Mar 28 22:16:19 UTC 2025,211104
Fri Mar 28 23:16:04 UTC 2025,211105
Sat Mar 29 00:34:03 UTC 2025,211105
Sat Mar 29 01:44:56 UTC 2025,211106
Sat Mar 29 02:36:45 UTC 2025,211110
Sat Mar 29 03:19:54 UTC 2025,211112
Sat Mar 29 04:16:53 UTC 2025,211113
Sat Mar 29 05:16:00 UTC 2025,211116
Sat Mar 29 06:16:51 UTC 2025,211116
Sat Mar 29 07:15:37 UTC 2025,211118
Sat Mar 29 08:16:52 UTC 2025,211121
Sat Mar 29 09:16:05 UTC 2025,211127
Sat Mar 29 10:16:04 UTC 2025,211127
Sat Mar 29 11:15:26 UTC 2025,211129
Sat Mar 29 12:17:30 UTC 2025,211138
Sat Mar 29 13:17:14 UTC 2025,211144
Sat Mar 29 14:15:50 UTC 2025,211145
Sat Mar 29 15:16:16 UTC 2025,211147
Sat Mar 29 16:16:29 UTC 2025,211150
Sat Mar 29 17:15:40 UTC 2025,211154
Sat Mar 29 18:16:41 UTC 2025,211160
Sat Mar 29 19:15:54 UTC 2025,211165
Sat Mar 29 20:16:03 UTC 2025,211169
Sat Mar 29 21:15:38 UTC 2025,211172
Sat Mar 29 22:15:50 UTC 2025,211180
Sat Mar 29 23:16:25 UTC 2025,211187
Sun Mar 30 00:37:46 UTC 2025,211199
Sun Mar 30 01:45:19 UTC 2025,211201
Sun Mar 30 02:42:47 UTC 2025,211206
Sun Mar 30 03:25:57 UTC 2025,211210
Sun Mar 30 04:16:26 UTC 2025,211210
Sun Mar 30 05:15:56 UTC 2025,211215
Sun Mar 30 06:16:55 UTC 2025,211216
Sun Mar 30 07:16:23 UTC 2025,211216
Sun Mar 30 08:16:38 UTC 2025,211220
Sun Mar 30 09:16:16 UTC 2025,211223
Sun Mar 30 10:16:14 UTC 2025,211231
Sun Mar 30 11:15:20 UTC 2025,211239
Sun Mar 30 12:17:31 UTC 2025,211242
Sun Mar 30 13:17:24 UTC 2025,211242
Sun Mar 30 14:15:58 UTC 2025,211249
Sun Mar 30 15:16:09 UTC 2025,211253
Sun Mar 30 16:16:42 UTC 2025,211256
Sun Mar 30 17:16:04 UTC 2025,211261
Sun Mar 30 18:16:43 UTC 2025,211263
Sun Mar 30 19:15:05 UTC 2025,211263
Sun Mar 30 20:16:23 UTC 2025,211264
Sun Mar 30 21:15:52 UTC 2025,211267
Sun Mar 30 22:15:58 UTC 2025,211270
Sun Mar 30 23:16:18 UTC 2025,211275
Mon Mar 31 00:37:04 UTC 2025,211276
Mon Mar 31 01:45:19 UTC 2025,211277
Mon Mar 31 02:42:28 UTC 2025,211278
Mon Mar 31 03:26:04 UTC 2025,211279
Mon Mar 31 04:16:49 UTC 2025,211290
Mon Mar 31 05:16:17 UTC 2025,211290
Mon Mar 31 06:17:16 UTC 2025,211292
Mon Mar 31 07:16:19 UTC 2025,211294
Mon Mar 31 08:17:17 UTC 2025,211296
Mon Mar 31 09:16:31 UTC 2025,211298
Mon Mar 31 10:16:30 UTC 2025,211297
Mon Mar 31 11:15:57 UTC 2025,211298
Mon Mar 31 12:17:58 UTC 2025,211297
Mon Mar 31 13:18:47 UTC 2025,211306
Mon Mar 31 14:16:11 UTC 2025,211367
Mon Mar 31 15:16:22 UTC 2025,211420
Mon Mar 31 16:16:57 UTC 2025,211439
Mon Mar 31 17:16:02 UTC 2025,211456
Mon Mar 31 18:17:08 UTC 2025,211461
Mon Mar 31 19:15:32 UTC 2025,211470
Mon Mar 31 20:16:35 UTC 2025,211475
Mon Mar 31 21:16:10 UTC 2025,211492
Mon Mar 31 22:16:05 UTC 2025,211500
Mon Mar 31 23:15:56 UTC 2025,211504
Tue Apr  1 00:39:51 UTC 2025,211506
Tue Apr  1 01:45:33 UTC 2025,211510
Tue Apr  1 02:45:07 UTC 2025,211510
Tue Apr  1 03:30:02 UTC 2025,211511
Tue Apr  1 04:16:49 UTC 2025,211515
Tue Apr  1 05:16:14 UTC 2025,211515
Tue Apr  1 06:17:18 UTC 2025,211522
Tue Apr  1 07:16:33 UTC 2025,211528
Tue Apr  1 08:17:05 UTC 2025,211530
Tue Apr  1 09:16:34 UTC 2025,211533
Tue Apr  1 10:16:38 UTC 2025,211536
Tue Apr  1 11:15:45 UTC 2025,211539
Tue Apr  1 12:17:53 UTC 2025,211539
Tue Apr  1 13:19:32 UTC 2025,211553
Tue Apr  1 14:16:15 UTC 2025,211564
Tue Apr  1 15:16:40 UTC 2025,211572
Tue Apr  1 16:16:42 UTC 2025,211582
Tue Apr  1 17:16:30 UTC 2025,211592
Tue Apr  1 18:17:01 UTC 2025,211597
Tue Apr  1 19:15:29 UTC 2025,211597
Tue Apr  1 20:16:35 UTC 2025,211602
Tue Apr  1 21:15:56 UTC 2025,211602
Tue Apr  1 22:16:06 UTC 2025,211614
Tue Apr  1 23:16:03 UTC 2025,211616
Wed Apr  2 00:35:08 UTC 2025,211616
Wed Apr  2 01:45:05 UTC 2025,211622
Wed Apr  2 02:40:08 UTC 2025,211627
Wed Apr  2 03:23:05 UTC 2025,211629
Wed Apr  2 04:16:49 UTC 2025,211632
Wed Apr  2 05:16:35 UTC 2025,211632
Wed Apr  2 06:17:12 UTC 2025,211638
Wed Apr  2 07:16:19 UTC 2025,211638
Wed Apr  2 08:17:07 UTC 2025,211644
Wed Apr  2 09:16:28 UTC 2025,211645
Wed Apr  2 10:16:23 UTC 2025,211647
Wed Apr  2 11:15:47 UTC 2025,211647
Wed Apr  2 12:17:52 UTC 2025,211652
Wed Apr  2 13:18:51 UTC 2025,211657
Wed Apr  2 14:16:07 UTC 2025,211662
Wed Apr  2 15:16:48 UTC 2025,211669
Wed Apr  2 16:17:21 UTC 2025,211673
Wed Apr  2 17:15:43 UTC 2025,211675
Wed Apr  2 18:17:03 UTC 2025,211675
Wed Apr  2 19:15:34 UTC 2025,211690
Wed Apr  2 20:16:42 UTC 2025,211692
Wed Apr  2 21:16:01 UTC 2025,211696
Wed Apr  2 22:16:11 UTC 2025,211702
Wed Apr  2 23:15:55 UTC 2025,211707
Thu Apr  3 00:34:20 UTC 2025,211708
Thu Apr  3 01:44:58 UTC 2025,211708
Thu Apr  3 02:39:17 UTC 2025,211711
Thu Apr  3 03:22:46 UTC 2025,211712
Thu Apr  3 04:17:16 UTC 2025,211714
Thu Apr  3 05:16:22 UTC 2025,211721
Thu Apr  3 06:17:18 UTC 2025,211726
Thu Apr  3 07:16:14 UTC 2025,211728
Thu Apr  3 08:17:02 UTC 2025,211729
Thu Apr  3 09:16:23 UTC 2025,211735
Thu Apr  3 10:16:30 UTC 2025,211745
Thu Apr  3 11:16:04 UTC 2025,211748
Thu Apr  3 12:17:50 UTC 2025,211749
Thu Apr  3 13:18:26 UTC 2025,211753
Thu Apr  3 14:16:05 UTC 2025,211760
Thu Apr  3 15:16:23 UTC 2025,211768
Thu Apr  3 16:16:53 UTC 2025,211770
Thu Apr  3 17:15:49 UTC 2025,211772
Thu Apr  3 18:17:01 UTC 2025,211772
Thu Apr  3 19:15:30 UTC 2025,211773
Thu Apr  3 20:16:44 UTC 2025,211776
Thu Apr  3 21:15:53 UTC 2025,211784
Thu Apr  3 22:15:51 UTC 2025,211791
Thu Apr  3 23:16:23 UTC 2025,211793
Fri Apr  4 00:34:27 UTC 2025,211799
Fri Apr  4 01:44:59 UTC 2025,211800
Fri Apr  4 02:39:04 UTC 2025,211801
Fri Apr  4 03:22:10 UTC 2025,211804
Fri Apr  4 04:16:46 UTC 2025,211804
Fri Apr  4 05:16:12 UTC 2025,211808
Fri Apr  4 06:17:10 UTC 2025,211808
Fri Apr  4 07:16:01 UTC 2025,211808
Fri Apr  4 08:16:59 UTC 2025,211813
Fri Apr  4 09:16:44 UTC 2025,211815
Fri Apr  4 10:16:23 UTC 2025,211820
Fri Apr  4 11:15:48 UTC 2025,211820
Fri Apr  4 12:18:13 UTC 2025,211824
Fri Apr  4 13:18:19 UTC 2025,211827
Fri Apr  4 14:16:00 UTC 2025,211828
Fri Apr  4 15:16:18 UTC 2025,211831
Fri Apr  4 16:16:48 UTC 2025,211832
Fri Apr  4 17:15:43 UTC 2025,211832
Fri Apr  4 18:17:02 UTC 2025,211833
Fri Apr  4 19:15:48 UTC 2025,211833
Fri Apr  4 20:16:29 UTC 2025,211833
Fri Apr  4 21:15:57 UTC 2025,211834
Fri Apr  4 22:15:53 UTC 2025,211836
Fri Apr  4 23:15:53 UTC 2025,211838
Sat Apr  5 00:33:53 UTC 2025,211843
Sat Apr  5 01:44:55 UTC 2025,211845
Sat Apr  5 02:37:02 UTC 2025,211848
Sat Apr  5 03:20:54 UTC 2025,211848
Sat Apr  5 04:16:48 UTC 2025,211848
Sat Apr  5 05:16:16 UTC 2025,211851
Sat Apr  5 06:16:55 UTC 2025,211851
Sat Apr  5 07:15:47 UTC 2025,211853
Sat Apr  5 08:16:34 UTC 2025,211852
Sat Apr  5 09:15:56 UTC 2025,211856
Sat Apr  5 10:16:14 UTC 2025,211861
Sat Apr  5 11:15:24 UTC 2025,211863
Sat Apr  5 12:17:34 UTC 2025,211868
Sat Apr  5 13:17:16 UTC 2025,211869
Sat Apr  5 14:15:34 UTC 2025,211873
Sat Apr  5 15:15:48 UTC 2025,211876
Sat Apr  5 16:16:54 UTC 2025,211878
Sat Apr  5 17:15:20 UTC 2025,211885
Sat Apr  5 18:16:43 UTC 2025,211887
Sat Apr  5 19:15:02 UTC 2025,211888
Sat Apr  5 20:16:06 UTC 2025,211890
Sat Apr  5 21:15:51 UTC 2025,211890
Sat Apr  5 22:15:59 UTC 2025,211891
Sat Apr  5 23:16:10 UTC 2025,211896
Sun Apr  6 00:37:31 UTC 2025,211900
Sun Apr  6 01:45:17 UTC 2025,211904
Sun Apr  6 02:41:59 UTC 2025,211907
Sun Apr  6 03:24:00 UTC 2025,211908
Sun Apr  6 04:16:39 UTC 2025,211908
Sun Apr  6 05:15:56 UTC 2025,211908
Sun Apr  6 06:17:04 UTC 2025,211910
Sun Apr  6 07:15:48 UTC 2025,211910
Sun Apr  6 08:16:36 UTC 2025,211912
Sun Apr  6 09:15:54 UTC 2025,211915
Sun Apr  6 10:16:07 UTC 2025,211917
Sun Apr  6 11:15:10 UTC 2025,211918
Sun Apr  6 12:17:30 UTC 2025,211922
Sun Apr  6 13:17:26 UTC 2025,211924
Sun Apr  6 14:15:41 UTC 2025,211924
Sun Apr  6 15:15:51 UTC 2025,211925
Sun Apr  6 16:16:34 UTC 2025,211925
Sun Apr  6 17:15:28 UTC 2025,211927
Sun Apr  6 18:16:44 UTC 2025,211928
Sun Apr  6 19:15:10 UTC 2025,211931
Sun Apr  6 20:16:33 UTC 2025,211936
Sun Apr  6 21:15:51 UTC 2025,211939
Sun Apr  6 22:16:00 UTC 2025,211941
Sun Apr  6 23:15:53 UTC 2025,211944
Mon Apr  7 00:36:12 UTC 2025,211944
Mon Apr  7 01:45:07 UTC 2025,211945
Mon Apr  7 02:41:48 UTC 2025,211948
Mon Apr  7 03:25:00 UTC 2025,211953
Mon Apr  7 04:17:00 UTC 2025,211953
Mon Apr  7 05:16:23 UTC 2025,211953
Mon Apr  7 06:17:14 UTC 2025,211955
Mon Apr  7 07:16:22 UTC 2025,211957
Mon Apr  7 08:17:14 UTC 2025,211959
Mon Apr  7 09:16:34 UTC 2025,211959
Mon Apr  7 10:16:45 UTC 2025,211963
Mon Apr  7 11:15:37 UTC 2025,211966
Mon Apr  7 12:17:54 UTC 2025,211966
Mon Apr  7 13:19:06 UTC 2025,211969
Mon Apr  7 14:16:12 UTC 2025,211973
Mon Apr  7 15:16:27 UTC 2025,211974
Mon Apr  7 16:16:37 UTC 2025,211977
Mon Apr  7 17:15:48 UTC 2025,211979
Mon Apr  7 18:17:05 UTC 2025,211985
Mon Apr  7 19:15:41 UTC 2025,211987
Mon Apr  7 20:16:28 UTC 2025,211990
Mon Apr  7 21:16:01 UTC 2025,211992
Mon Apr  7 22:16:01 UTC 2025,211993
Mon Apr  7 23:16:20 UTC 2025,212005
Tue Apr  8 00:34:24 UTC 2025,212011
Tue Apr  8 01:45:01 UTC 2025,212014
Tue Apr  8 02:39:43 UTC 2025,212014
Tue Apr  8 03:22:50 UTC 2025,212016
Tue Apr  8 04:16:46 UTC 2025,212023
Tue Apr  8 05:16:29 UTC 2025,212027
Tue Apr  8 06:17:16 UTC 2025,212027
Tue Apr  8 07:16:14 UTC 2025,212030
Tue Apr  8 08:17:12 UTC 2025,212031
Tue Apr  8 09:16:39 UTC 2025,212031
Tue Apr  8 10:16:31 UTC 2025,212033
Tue Apr  8 11:15:36 UTC 2025,212035
Tue Apr  8 12:17:50 UTC 2025,212044
Tue Apr  8 13:19:12 UTC 2025,212044
Tue Apr  8 14:16:15 UTC 2025,212044
Tue Apr  8 15:16:32 UTC 2025,212048
Tue Apr  8 16:16:55 UTC 2025,212048
Tue Apr  8 17:15:49 UTC 2025,212051
Tue Apr  8 18:17:10 UTC 2025,212051
Tue Apr  8 19:15:38 UTC 2025,212051
Tue Apr  8 20:16:36 UTC 2025,212051
Tue Apr  8 21:16:02 UTC 2025,212053
Tue Apr  8 22:16:24 UTC 2025,212055
Tue Apr  8 23:16:00 UTC 2025,212055
Wed Apr  9 00:34:49 UTC 2025,212056
Wed Apr  9 01:45:02 UTC 2025,212060
Wed Apr  9 02:40:46 UTC 2025,212060
Wed Apr  9 03:23:20 UTC 2025,212064
Wed Apr  9 04:16:46 UTC 2025,212064
Wed Apr  9 05:16:28 UTC 2025,212066
Wed Apr  9 06:17:13 UTC 2025,212066
Wed Apr  9 07:16:13 UTC 2025,212073
Wed Apr  9 08:17:19 UTC 2025,212073
Wed Apr  9 09:16:36 UTC 2025,212073
Wed Apr  9 10:16:51 UTC 2025,212073
Wed Apr  9 11:15:41 UTC 2025,212074
Wed Apr  9 12:17:51 UTC 2025,212074
Wed Apr  9 13:19:16 UTC 2025,212074
Wed Apr  9 14:16:25 UTC 2025,212074
Wed Apr  9 15:17:06 UTC 2025,212074
Wed Apr  9 16:17:22 UTC 2025,212074
Wed Apr  9 17:15:46 UTC 2025,212076
Wed Apr  9 18:17:13 UTC 2025,212080
Wed Apr  9 19:15:29 UTC 2025,212083
Wed Apr  9 20:16:24 UTC 2025,212086
Wed Apr  9 21:15:42 UTC 2025,212086
Wed Apr  9 22:15:55 UTC 2025,212088
Wed Apr  9 23:16:07 UTC 2025,212090
Thu Apr 10 00:34:37 UTC 2025,212090
Thu Apr 10 01:45:01 UTC 2025,212095
Thu Apr 10 02:39:53 UTC 2025,212095
Thu Apr 10 03:23:43 UTC 2025,212096
Thu Apr 10 04:17:21 UTC 2025,212096
Thu Apr 10 05:16:12 UTC 2025,212098
Thu Apr 10 06:17:16 UTC 2025,212098
Thu Apr 10 07:16:13 UTC 2025,212098
Thu Apr 10 08:17:02 UTC 2025,212102
Thu Apr 10 09:16:25 UTC 2025,212102
Thu Apr 10 10:16:29 UTC 2025,212102
Thu Apr 10 11:15:39 UTC 2025,212104
Thu Apr 10 12:17:52 UTC 2025,212104
Thu Apr 10 13:19:11 UTC 2025,212104
Thu Apr 10 14:16:32 UTC 2025,212106
Thu Apr 10 15:16:27 UTC 2025,212106
Thu Apr 10 16:16:57 UTC 2025,212109
Thu Apr 10 17:15:51 UTC 2025,212109
Thu Apr 10 18:17:03 UTC 2025,212112
Thu Apr 10 19:15:28 UTC 2025,212119
Thu Apr 10 20:16:30 UTC 2025,212125
Thu Apr 10 21:15:57 UTC 2025,212126
Thu Apr 10 22:16:28 UTC 2025,212126
Thu Apr 10 23:16:07 UTC 2025,212129
Fri Apr 11 00:35:14 UTC 2025,212132
Fri Apr 11 01:45:03 UTC 2025,212134
Fri Apr 11 02:40:24 UTC 2025,212134
Fri Apr 11 03:23:38 UTC 2025,212134
Fri Apr 11 04:16:48 UTC 2025,212135
Fri Apr 11 05:16:22 UTC 2025,212135
Fri Apr 11 06:17:13 UTC 2025,212137
Fri Apr 11 07:16:04 UTC 2025,212142
Fri Apr 11 08:17:09 UTC 2025,212142
Fri Apr 11 09:16:23 UTC 2025,212143
Fri Apr 11 10:16:17 UTC 2025,212145
Fri Apr 11 11:15:38 UTC 2025,212146
Fri Apr 11 12:17:50 UTC 2025,212149
Fri Apr 11 13:18:21 UTC 2025,212152
Fri Apr 11 14:16:08 UTC 2025,212150
Fri Apr 11 15:16:29 UTC 2025,212155
Fri Apr 11 16:17:06 UTC 2025,212156
Fri Apr 11 17:15:57 UTC 2025,212159
Fri Apr 11 18:17:05 UTC 2025,212165
Fri Apr 11 19:15:26 UTC 2025,212166
Fri Apr 11 20:16:29 UTC 2025,212165
Fri Apr 11 21:15:57 UTC 2025,212168
Fri Apr 11 22:16:19 UTC 2025,212169
Fri Apr 11 23:15:59 UTC 2025,212170
Sat Apr 12 00:34:09 UTC 2025,212170
Sat Apr 12 01:44:54 UTC 2025,212174
Sat Apr 12 02:37:53 UTC 2025,212174
Sat Apr 12 03:21:22 UTC 2025,212174
Sat Apr 12 04:16:39 UTC 2025,212178
Sat Apr 12 05:15:55 UTC 2025,212180
Sat Apr 12 06:16:52 UTC 2025,212180
Sat Apr 12 07:15:51 UTC 2025,212183
Sat Apr 12 08:16:43 UTC 2025,212187
Sat Apr 12 09:16:08 UTC 2025,212197
Sat Apr 12 10:15:53 UTC 2025,212197
Sat Apr 12 11:15:08 UTC 2025,212198
Sat Apr 12 12:17:32 UTC 2025,212201
Sat Apr 12 13:17:10 UTC 2025,212205
Sat Apr 12 14:15:30 UTC 2025,212205
Sat Apr 12 15:16:02 UTC 2025,212205
Sat Apr 12 16:16:44 UTC 2025,212205
Sat Apr 12 17:16:08 UTC 2025,212207
Sat Apr 12 18:16:44 UTC 2025,212210
Sat Apr 12 19:15:33 UTC 2025,212210
Sat Apr 12 20:16:08 UTC 2025,212210
Sat Apr 12 21:15:42 UTC 2025,212214
Sat Apr 12 22:15:44 UTC 2025,212214
Sat Apr 12 23:15:50 UTC 2025,212218
Sun Apr 13 01:00:52 UTC 2025,212223
Sun Apr 13 01:59:48 UTC 2025,212223
Sun Apr 13 03:14:51 UTC 2025,212223
Sun Apr 13 04:36:36 UTC 2025,212227
Sun Apr 13 05:17:53 UTC 2025,212227
Sun Apr 13 06:16:59 UTC 2025,212227
Sun Apr 13 07:16:05 UTC 2025,212230
Sun Apr 13 08:16:48 UTC 2025,212232
Sun Apr 13 09:16:14 UTC 2025,212234
Sun Apr 13 10:16:31 UTC 2025,212234
Sun Apr 13 11:15:13 UTC 2025,212237
Sun Apr 13 12:17:35 UTC 2025,212237
Sun Apr 13 13:17:52 UTC 2025,212237
Sun Apr 13 14:16:00 UTC 2025,212242
Sun Apr 13 15:16:23 UTC 2025,212243
Sun Apr 13 16:17:06 UTC 2025,212245
Sun Apr 13 17:15:32 UTC 2025,212245
Sun Apr 13 18:16:52 UTC 2025,212245
Sun Apr 13 19:15:06 UTC 2025,212254
Sun Apr 13 20:16:10 UTC 2025,212256
Sun Apr 13 21:15:55 UTC 2025,212256
Sun Apr 13 22:15:50 UTC 2025,212256
Sun Apr 13 23:16:37 UTC 2025,212261
Mon Apr 14 00:37:31 UTC 2025,212261
Mon Apr 14 01:45:15 UTC 2025,212264
Mon Apr 14 02:42:55 UTC 2025,212265
Mon Apr 14 03:27:08 UTC 2025,212265
Mon Apr 14 04:16:42 UTC 2025,212265
Mon Apr 14 05:16:22 UTC 2025,212267
Mon Apr 14 06:17:24 UTC 2025,212267
Mon Apr 14 07:16:23 UTC 2025,212267
Mon Apr 14 08:17:15 UTC 2025,212273
Mon Apr 14 09:16:36 UTC 2025,212275
Mon Apr 14 10:16:55 UTC 2025,212278
Mon Apr 14 11:15:45 UTC 2025,212280
Mon Apr 14 12:17:49 UTC 2025,212280
Mon Apr 14 13:19:37 UTC 2025,212278
Mon Apr 14 14:16:19 UTC 2025,212278
Mon Apr 14 15:16:34 UTC 2025,212281
Mon Apr 14 16:17:01 UTC 2025,212281
Mon Apr 14 17:15:50 UTC 2025,212282
Mon Apr 14 18:17:09 UTC 2025,212292
Mon Apr 14 19:15:38 UTC 2025,212295
Mon Apr 14 20:16:32 UTC 2025,212296
Mon Apr 14 21:15:57 UTC 2025,212297
Mon Apr 14 22:16:04 UTC 2025,212297
Mon Apr 14 23:16:07 UTC 2025,212300
Tue Apr 15 00:35:57 UTC 2025,212309
Tue Apr 15 01:45:11 UTC 2025,212309
Tue Apr 15 02:42:10 UTC 2025,212311
Tue Apr 15 03:26:25 UTC 2025,212313
Tue Apr 15 04:16:44 UTC 2025,212314
Tue Apr 15 05:16:11 UTC 2025,212318
Tue Apr 15 06:17:21 UTC 2025,212318
Tue Apr 15 07:16:35 UTC 2025,212322
Tue Apr 15 08:17:22 UTC 2025,212323
Tue Apr 15 09:16:35 UTC 2025,212323
Tue Apr 15 10:16:32 UTC 2025,212329
Tue Apr 15 11:15:41 UTC 2025,212334
Tue Apr 15 12:17:54 UTC 2025,212337
Tue Apr 15 13:19:21 UTC 2025,212342
Tue Apr 15 14:16:26 UTC 2025,212351
Tue Apr 15 15:16:27 UTC 2025,212352
Tue Apr 15 16:16:58 UTC 2025,212355
Tue Apr 15 17:15:56 UTC 2025,212355
Tue Apr 15 18:16:58 UTC 2025,212356
Tue Apr 15 19:15:34 UTC 2025,212356
Tue Apr 15 20:16:44 UTC 2025,212360
Tue Apr 15 21:15:56 UTC 2025,212361
Tue Apr 15 22:16:04 UTC 2025,212361
Tue Apr 15 23:16:02 UTC 2025,212361
Wed Apr 16 00:35:55 UTC 2025,212361
Wed Apr 16 01:45:12 UTC 2025,212365
Wed Apr 16 02:41:58 UTC 2025,212365
Wed Apr 16 03:25:38 UTC 2025,212366
Wed Apr 16 04:16:47 UTC 2025,212366
Wed Apr 16 05:16:23 UTC 2025,212368
Wed Apr 16 06:17:20 UTC 2025,212377
Wed Apr 16 07:16:17 UTC 2025,212378
Wed Apr 16 08:17:16 UTC 2025,212379
Wed Apr 16 09:16:34 UTC 2025,212382
Wed Apr 16 10:16:34 UTC 2025,212383
Wed Apr 16 11:15:52 UTC 2025,212383
Wed Apr 16 12:17:54 UTC 2025,212383
Wed Apr 16 13:19:27 UTC 2025,212383
Wed Apr 16 14:16:26 UTC 2025,212386
Wed Apr 16 15:16:30 UTC 2025,212386
Wed Apr 16 16:17:14 UTC 2025,212386
Wed Apr 16 17:15:54 UTC 2025,212388
Wed Apr 16 18:17:15 UTC 2025,212391
Wed Apr 16 19:15:38 UTC 2025,212395
Wed Apr 16 20:16:45 UTC 2025,212396
Wed Apr 16 21:16:13 UTC 2025,212399
Wed Apr 16 22:15:56 UTC 2025,212402
Wed Apr 16 23:16:04 UTC 2025,212403
Thu Apr 17 00:35:03 UTC 2025,212407
Thu Apr 17 01:45:03 UTC 2025,212407
Thu Apr 17 02:41:23 UTC 2025,212407
Thu Apr 17 03:24:49 UTC 2025,212409
Thu Apr 17 04:16:48 UTC 2025,212409
Thu Apr 17 05:16:08 UTC 2025,212411
Thu Apr 17 06:17:15 UTC 2025,212412
Thu Apr 17 07:16:22 UTC 2025,212412
Thu Apr 17 08:17:09 UTC 2025,212412
Thu Apr 17 09:16:37 UTC 2025,212414
Thu Apr 17 10:16:36 UTC 2025,212420
Thu Apr 17 11:15:44 UTC 2025,212420
Thu Apr 17 12:17:54 UTC 2025,212424
Thu Apr 17 13:18:30 UTC 2025,212425
Thu Apr 17 14:16:03 UTC 2025,212430
Thu Apr 17 15:16:23 UTC 2025,212431
Thu Apr 17 16:17:37 UTC 2025,212432
Thu Apr 17 17:15:45 UTC 2025,212434
Thu Apr 17 18:17:05 UTC 2025,212434
Thu Apr 17 19:15:39 UTC 2025,212434
Thu Apr 17 20:16:33 UTC 2025,212437
Thu Apr 17 21:16:02 UTC 2025,212437
Thu Apr 17 22:16:08 UTC 2025,212437
Thu Apr 17 23:16:02 UTC 2025,212437
Fri Apr 18 00:34:39 UTC 2025,212437
Fri Apr 18 01:45:11 UTC 2025,212437
Fri Apr 18 02:39:09 UTC 2025,212440
Fri Apr 18 03:23:22 UTC 2025,212440
Fri Apr 18 04:16:42 UTC 2025,212440
Fri Apr 18 05:16:14 UTC 2025,212440
Fri Apr 18 06:17:15 UTC 2025,212444
Fri Apr 18 07:16:09 UTC 2025,212444
Fri Apr 18 08:17:07 UTC 2025,212450
Fri Apr 18 09:16:20 UTC 2025,212450
Fri Apr 18 10:16:36 UTC 2025,212450
Fri Apr 18 11:15:28 UTC 2025,212452
Fri Apr 18 12:17:45 UTC 2025,212453
Fri Apr 18 13:18:02 UTC 2025,212454
Fri Apr 18 14:16:00 UTC 2025,212454
Fri Apr 18 15:16:16 UTC 2025,212455
Fri Apr 18 16:16:42 UTC 2025,212457
Fri Apr 18 17:15:41 UTC 2025,212459
Fri Apr 18 18:17:02 UTC 2025,212462
Fri Apr 18 19:15:35 UTC 2025,212462
Fri Apr 18 20:16:24 UTC 2025,212462
Fri Apr 18 21:15:57 UTC 2025,212462
Fri Apr 18 22:16:19 UTC 2025,212462
Fri Apr 18 23:16:03 UTC 2025,212463
Sat Apr 19 00:33:33 UTC 2025,212463
Sat Apr 19 01:44:51 UTC 2025,212465
Sat Apr 19 02:36:26 UTC 2025,212465
Sat Apr 19 03:20:18 UTC 2025,212466
Sat Apr 19 04:16:33 UTC 2025,212466
Sat Apr 19 05:16:08 UTC 2025,212466
Sat Apr 19 06:16:52 UTC 2025,212477
Sat Apr 19 07:15:42 UTC 2025,212477
Sat Apr 19 08:16:34 UTC 2025,212481
Sat Apr 19 09:16:05 UTC 2025,212487
Sat Apr 19 10:16:08 UTC 2025,212487
Sat Apr 19 11:15:25 UTC 2025,212489
Sat Apr 19 12:17:49 UTC 2025,212491
Sat Apr 19 13:17:21 UTC 2025,212491
Sat Apr 19 14:15:37 UTC 2025,212491
Sat Apr 19 15:15:57 UTC 2025,212494
Sat Apr 19 16:16:38 UTC 2025,212497
Sat Apr 19 17:15:36 UTC 2025,212503
Sat Apr 19 18:16:44 UTC 2025,212509
Sat Apr 19 19:15:25 UTC 2025,212512
Sat Apr 19 20:16:45 UTC 2025,212514
Sat Apr 19 21:15:38 UTC 2025,212514
Sat Apr 19 22:15:49 UTC 2025,212514
Sat Apr 19 23:16:20 UTC 2025,212519
Sun Apr 20 00:38:29 UTC 2025,212520
Sun Apr 20 01:45:22 UTC 2025,212520
Sun Apr 20 02:43:19 UTC 2025,212522
Sun Apr 20 03:26:58 UTC 2025,212522
Sun Apr 20 04:16:32 UTC 2025,212522
Sun Apr 20 05:16:11 UTC 2025,212520
Sun Apr 20 06:17:01 UTC 2025,212520
Sun Apr 20 07:16:01 UTC 2025,212522
Sun Apr 20 08:16:33 UTC 2025,212524
Sun Apr 20 09:16:07 UTC 2025,212524
Sun Apr 20 10:16:25 UTC 2025,212524
Sun Apr 20 11:15:22 UTC 2025,212525
Sun Apr 20 12:17:37 UTC 2025,212525
Sun Apr 20 13:17:43 UTC 2025,212526
Sun Apr 20 14:15:54 UTC 2025,212526
Sun Apr 20 15:15:50 UTC 2025,212531
Sun Apr 20 16:16:32 UTC 2025,212537
Sun Apr 20 17:16:15 UTC 2025,212537
Sun Apr 20 18:16:49 UTC 2025,212537
Sun Apr 20 19:15:52 UTC 2025,212537
Sun Apr 20 20:16:17 UTC 2025,212537
Sun Apr 20 21:15:47 UTC 2025,212538
Sun Apr 20 22:15:51 UTC 2025,212538
Sun Apr 20 23:15:54 UTC 2025,212540
Mon Apr 21 00:37:49 UTC 2025,212540
Mon Apr 21 01:45:20 UTC 2025,212540
Mon Apr 21 02:43:57 UTC 2025,212542
Mon Apr 21 03:29:06 UTC 2025,212546
Mon Apr 21 04:17:23 UTC 2025,212546
Mon Apr 21 05:16:40 UTC 2025,212546
Mon Apr 21 06:17:35 UTC 2025,212549
Mon Apr 21 07:16:13 UTC 2025,212551
Mon Apr 21 08:17:38 UTC 2025,212552
Mon Apr 21 09:16:29 UTC 2025,212552
Mon Apr 21 10:16:41 UTC 2025,212553
Mon Apr 21 11:15:34 UTC 2025,212554
Mon Apr 21 12:17:51 UTC 2025,212554
Mon Apr 21 13:18:15 UTC 2025,212554
Mon Apr 21 14:15:58 UTC 2025,212555
Mon Apr 21 15:16:22 UTC 2025,212557
Mon Apr 21 16:16:44 UTC 2025,212559
Mon Apr 21 17:16:21 UTC 2025,212561
Mon Apr 21 18:17:17 UTC 2025,212564
Mon Apr 21 19:15:40 UTC 2025,212570
Mon Apr 21 20:16:45 UTC 2025,212571
Mon Apr 21 21:15:59 UTC 2025,212574
Mon Apr 21 22:16:08 UTC 2025,212575
Mon Apr 21 23:16:15 UTC 2025,212575
Tue Apr 22 00:35:44 UTC 2025,212577
Tue Apr 22 01:45:07 UTC 2025,212575
Tue Apr 22 02:41:21 UTC 2025,212577
Tue Apr 22 03:24:49 UTC 2025,212578
Tue Apr 22 04:16:57 UTC 2025,212578
Tue Apr 22 05:16:16 UTC 2025,212581
Tue Apr 22 06:17:21 UTC 2025,212583
Tue Apr 22 07:16:16 UTC 2025,212583
Tue Apr 22 08:17:19 UTC 2025,212584
Tue Apr 22 09:16:27 UTC 2025,212586
Tue Apr 22 10:16:25 UTC 2025,212586
Tue Apr 22 11:15:49 UTC 2025,212589
Tue Apr 22 12:17:54 UTC 2025,212589
Tue Apr 22 13:19:07 UTC 2025,212590
Tue Apr 22 14:16:13 UTC 2025,212592
Tue Apr 22 15:16:28 UTC 2025,212597
Tue Apr 22 16:17:00 UTC 2025,212597
Tue Apr 22 17:15:58 UTC 2025,212598
Tue Apr 22 18:17:08 UTC 2025,212600
Tue Apr 22 19:15:43 UTC 2025,212600
Tue Apr 22 20:16:46 UTC 2025,212603
Tue Apr 22 21:15:59 UTC 2025,212608
Tue Apr 22 22:15:58 UTC 2025,212610
Tue Apr 22 23:16:26 UTC 2025,212610
Wed Apr 23 00:35:32 UTC 2025,212610
Wed Apr 23 01:45:09 UTC 2025,212610
Wed Apr 23 02:41:36 UTC 2025,212611
Wed Apr 23 03:25:25 UTC 2025,212611
Wed Apr 23 04:16:57 UTC 2025,212610
Wed Apr 23 05:16:22 UTC 2025,212611
Wed Apr 23 06:17:14 UTC 2025,212612
Wed Apr 23 07:17:18 UTC 2025,212612
Wed Apr 23 08:17:03 UTC 2025,212615
Wed Apr 23 09:16:46 UTC 2025,212618
Wed Apr 23 10:16:25 UTC 2025,212635
Wed Apr 23 11:15:44 UTC 2025,212647
Wed Apr 23 12:17:53 UTC 2025,212649
Wed Apr 23 13:19:36 UTC 2025,212654
Wed Apr 23 14:16:44 UTC 2025,212658
Wed Apr 23 15:16:35 UTC 2025,212661
Wed Apr 23 16:16:56 UTC 2025,212664
Wed Apr 23 17:15:47 UTC 2025,212664
Wed Apr 23 18:17:26 UTC 2025,212664
Wed Apr 23 19:15:56 UTC 2025,212666
Wed Apr 23 20:16:32 UTC 2025,212673
Wed Apr 23 21:16:07 UTC 2025,212674
Wed Apr 23 22:16:08 UTC 2025,212674
Wed Apr 23 23:16:06 UTC 2025,212677
Thu Apr 24 00:35:16 UTC 2025,212682
Thu Apr 24 01:45:12 UTC 2025,212684
Thu Apr 24 02:42:24 UTC 2025,212685
Thu Apr 24 03:26:48 UTC 2025,212686
Thu Apr 24 04:16:48 UTC 2025,212689
Thu Apr 24 05:16:16 UTC 2025,212691
Thu Apr 24 06:17:25 UTC 2025,212689
Thu Apr 24 07:16:20 UTC 2025,212697
Thu Apr 24 08:17:12 UTC 2025,212699
Thu Apr 24 09:17:04 UTC 2025,212699
Thu Apr 24 10:16:27 UTC 2025,212699
Thu Apr 24 11:15:46 UTC 2025,212702
Thu Apr 24 12:17:56 UTC 2025,212704
Thu Apr 24 13:19:56 UTC 2025,212704
Thu Apr 24 14:16:32 UTC 2025,212706
Thu Apr 24 15:16:31 UTC 2025,212710
Thu Apr 24 16:17:13 UTC 2025,212710
Thu Apr 24 17:15:51 UTC 2025,212715
Thu Apr 24 18:17:13 UTC 2025,212715
Thu Apr 24 19:16:12 UTC 2025,212715
Thu Apr 24 20:16:35 UTC 2025,212719
Thu Apr 24 21:16:28 UTC 2025,212726
Thu Apr 24 22:16:33 UTC 2025,212724
Thu Apr 24 23:16:02 UTC 2025,212727
Fri Apr 25 00:35:37 UTC 2025,212729
Fri Apr 25 01:45:08 UTC 2025,212731
Fri Apr 25 02:42:25 UTC 2025,212731
Fri Apr 25 03:26:31 UTC 2025,212731
Fri Apr 25 04:16:47 UTC 2025,212734
Fri Apr 25 05:16:15 UTC 2025,212734
Fri Apr 25 06:17:15 UTC 2025,212736
Fri Apr 25 07:16:08 UTC 2025,212736
Fri Apr 25 08:17:16 UTC 2025,212738
Fri Apr 25 09:16:29 UTC 2025,212738
Fri Apr 25 10:16:32 UTC 2025,212742
Fri Apr 25 11:15:45 UTC 2025,212742
Fri Apr 25 12:17:54 UTC 2025,212743
Fri Apr 25 13:18:34 UTC 2025,212744
Fri Apr 25 14:16:07 UTC 2025,212746
Fri Apr 25 15:16:21 UTC 2025,212747
Fri Apr 25 16:16:48 UTC 2025,212746
Fri Apr 25 17:15:38 UTC 2025,212751
Fri Apr 25 18:17:08 UTC 2025,212751
Fri Apr 25 19:15:30 UTC 2025,212753
Fri Apr 25 20:16:33 UTC 2025,212757
Fri Apr 25 21:15:56 UTC 2025,212757
Fri Apr 25 22:16:51 UTC 2025,212758
Fri Apr 25 23:16:05 UTC 2025,212763
Sat Apr 26 00:34:41 UTC 2025,212765
Sat Apr 26 01:44:57 UTC 2025,212765
Sat Apr 26 02:38:47 UTC 2025,212769
Sat Apr 26 03:22:17 UTC 2025,212769
Sat Apr 26 04:16:33 UTC 2025,212769
Sat Apr 26 05:15:50 UTC 2025,212771
Sat Apr 26 06:16:58 UTC 2025,212771
Sat Apr 26 07:15:53 UTC 2025,212771
Sat Apr 26 08:16:46 UTC 2025,212771
Sat Apr 26 09:16:01 UTC 2025,212771
Sat Apr 26 10:16:01 UTC 2025,212773
Sat Apr 26 11:15:13 UTC 2025,212774
Sat Apr 26 12:17:35 UTC 2025,212775
Sat Apr 26 13:17:29 UTC 2025,212777
Sat Apr 26 14:15:36 UTC 2025,212778
Sat Apr 26 15:15:55 UTC 2025,212781
Sat Apr 26 16:16:36 UTC 2025,212781
Sat Apr 26 17:15:15 UTC 2025,212781
Sat Apr 26 18:16:44 UTC 2025,212782
Sat Apr 26 19:15:43 UTC 2025,212782
Sat Apr 26 20:16:09 UTC 2025,212784
Sat Apr 26 21:15:44 UTC 2025,212790
Sat Apr 26 22:15:44 UTC 2025,212793
Sat Apr 26 23:15:49 UTC 2025,212793
Sun Apr 27 00:38:21 UTC 2025,212794
Sun Apr 27 01:45:23 UTC 2025,212794
Sun Apr 27 02:43:45 UTC 2025,212797
Sun Apr 27 03:26:58 UTC 2025,212797
Sun Apr 27 04:16:37 UTC 2025,212797
Sun Apr 27 05:16:02 UTC 2025,212798
Sun Apr 27 06:16:56 UTC 2025,212798
Sun Apr 27 07:15:44 UTC 2025,212799
Sun Apr 27 08:16:35 UTC 2025,212799
Sun Apr 27 09:16:09 UTC 2025,212798
Sun Apr 27 10:16:31 UTC 2025,212806
Sun Apr 27 11:15:11 UTC 2025,212809
Sun Apr 27 12:17:36 UTC 2025,212807
Sun Apr 27 13:17:29 UTC 2025,212810
Sun Apr 27 14:15:48 UTC 2025,212809
Sun Apr 27 15:16:03 UTC 2025,212812
Sun Apr 27 16:16:30 UTC 2025,212815
Sun Apr 27 17:15:51 UTC 2025,212815
Sun Apr 27 18:16:47 UTC 2025,212818
Sun Apr 27 19:15:52 UTC 2025,212821
Sun Apr 27 20:16:15 UTC 2025,212823
Sun Apr 27 21:15:34 UTC 2025,212825
Sun Apr 27 22:15:50 UTC 2025,212825
Sun Apr 27 23:16:14 UTC 2025,212825
Mon Apr 28 00:37:21 UTC 2025,212825
Mon Apr 28 01:45:19 UTC 2025,212825
Mon Apr 28 02:44:11 UTC 2025,212825
Mon Apr 28 03:29:13 UTC 2025,212825
Mon Apr 28 04:16:56 UTC 2025,212825
Mon Apr 28 05:17:29 UTC 2025,212825
Mon Apr 28 06:19:11 UTC 2025,212826
Mon Apr 28 07:29:28 UTC 2025,212826
Mon Apr 28 08:26:22 UTC 2025,212828
Mon Apr 28 09:52:02 UTC 2025,212830
Mon Apr 28 10:47:07 UTC 2025,212829
Mon Apr 28 11:27:00 UTC 2025,212830
Mon Apr 28 12:17:52 UTC 2025,212830
Mon Apr 28 13:27:18 UTC 2025,212834
Mon Apr 28 14:17:13 UTC 2025,212838
Mon Apr 28 15:16:31 UTC 2025,212840
Mon Apr 28 16:16:43 UTC 2025,212846
Mon Apr 28 17:15:45 UTC 2025,212848
Mon Apr 28 18:17:14 UTC 2025,212852
Mon Apr 28 19:15:35 UTC 2025,212858
Mon Apr 28 20:16:26 UTC 2025,212859
Mon Apr 28 21:16:12 UTC 2025,212859
Mon Apr 28 22:16:05 UTC 2025,212859
Mon Apr 28 23:15:57 UTC 2025,212862
Tue Apr 29 00:35:37 UTC 2025,212865
Tue Apr 29 01:45:13 UTC 2025,212870
Tue Apr 29 02:42:26 UTC 2025,212870
Tue Apr 29 03:26:47 UTC 2025,212870
Tue Apr 29 04:16:36 UTC 2025,212871
Tue Apr 29 05:16:17 UTC 2025,212876
Tue Apr 29 06:17:25 UTC 2025,212876
Tue Apr 29 07:16:26 UTC 2025,212877
Tue Apr 29 08:17:18 UTC 2025,212877
Tue Apr 29 09:16:42 UTC 2025,212879
Tue Apr 29 10:16:37 UTC 2025,212880
Tue Apr 29 11:15:41 UTC 2025,212880
Tue Apr 29 12:17:57 UTC 2025,212880
Tue Apr 29 13:22:00 UTC 2025,212883
Tue Apr 29 14:16:21 UTC 2025,212883
Tue Apr 29 15:16:36 UTC 2025,212888
Tue Apr 29 16:16:49 UTC 2025,212889
Tue Apr 29 17:15:59 UTC 2025,212900
Tue Apr 29 18:17:14 UTC 2025,212906
Tue Apr 29 19:15:34 UTC 2025,212904
Tue Apr 29 20:16:41 UTC 2025,212906
Tue Apr 29 21:15:58 UTC 2025,212907
Tue Apr 29 22:15:59 UTC 2025,212911
Tue Apr 29 23:15:56 UTC 2025,212913
Wed Apr 30 00:35:48 UTC 2025,212913
Wed Apr 30 01:45:14 UTC 2025,212913
Wed Apr 30 02:42:21 UTC 2025,212913
Wed Apr 30 03:26:39 UTC 2025,212914
Wed Apr 30 04:16:49 UTC 2025,212917
Wed Apr 30 05:16:14 UTC 2025,212920
Wed Apr 30 06:17:23 UTC 2025,212918
Wed Apr 30 07:16:12 UTC 2025,212920
Wed Apr 30 08:17:04 UTC 2025,212922
Wed Apr 30 09:16:26 UTC 2025,212923
Wed Apr 30 10:16:29 UTC 2025,212926
Wed Apr 30 11:15:38 UTC 2025,212927
Wed Apr 30 12:17:46 UTC 2025,212927
Wed Apr 30 13:18:57 UTC 2025,212927
Wed Apr 30 14:16:12 UTC 2025,212929
Wed Apr 30 15:16:29 UTC 2025,212929
Wed Apr 30 16:16:50 UTC 2025,212934
Wed Apr 30 17:15:47 UTC 2025,212934
Wed Apr 30 18:17:07 UTC 2025,212936
Wed Apr 30 19:15:37 UTC 2025,212944
Wed Apr 30 20:16:34 UTC 2025,212945
Wed Apr 30 21:16:22 UTC 2025,212950
Wed Apr 30 22:16:06 UTC 2025,212950
Wed Apr 30 23:16:04 UTC 2025,212950
Thu May  1 00:40:16 UTC 2025,212952
Thu May  1 01:45:39 UTC 2025,212956
Thu May  1 02:45:50 UTC 2025,212956
Thu May  1 03:31:54 UTC 2025,212957
Thu May  1 04:17:24 UTC 2025,212957
Thu May  1 05:16:19 UTC 2025,212957
Thu May  1 06:17:21 UTC 2025,212956
Thu May  1 07:16:12 UTC 2025,212958
Thu May  1 08:17:02 UTC 2025,212960
Thu May  1 09:16:28 UTC 2025,212967
Thu May  1 10:16:26 UTC 2025,212971
Thu May  1 11:15:44 UTC 2025,212972
Thu May  1 12:17:44 UTC 2025,212974
Thu May  1 13:18:14 UTC 2025,212978
Thu May  1 14:15:52 UTC 2025,212979
Thu May  1 15:16:13 UTC 2025,212981
Thu May  1 16:16:53 UTC 2025,212981
Thu May  1 17:15:51 UTC 2025,212981
Thu May  1 18:17:09 UTC 2025,212979
Thu May  1 19:15:27 UTC 2025,212985
Thu May  1 20:16:21 UTC 2025,212986
Thu May  1 21:16:07 UTC 2025,212987
Thu May  1 22:16:02 UTC 2025,212987
Thu May  1 23:16:02 UTC 2025,212988
Fri May  2 00:35:46 UTC 2025,212989
Fri May  2 01:45:11 UTC 2025,212990
Fri May  2 02:42:45 UTC 2025,212990
Fri May  2 03:28:51 UTC 2025,212993
Fri May  2 04:16:49 UTC 2025,212996
Fri May  2 05:16:15 UTC 2025,212997
Fri May  2 06:17:14 UTC 2025,212996
Fri May  2 07:16:13 UTC 2025,212996
Fri May  2 08:17:03 UTC 2025,212997
Fri May  2 09:16:27 UTC 2025,213008
Fri May  2 10:16:25 UTC 2025,213008
Fri May  2 11:15:40 UTC 2025,213009
Fri May  2 12:17:50 UTC 2025,213010
Fri May  2 13:18:36 UTC 2025,213010
Fri May  2 14:16:04 UTC 2025,213012
Fri May  2 15:16:18 UTC 2025,213010
Fri May  2 16:16:50 UTC 2025,213014
Fri May  2 17:15:49 UTC 2025,213015
Fri May  2 18:17:05 UTC 2025,213016
Fri May  2 19:15:39 UTC 2025,213017
Fri May  2 20:16:34 UTC 2025,213019
Fri May  2 21:15:57 UTC 2025,213020
Fri May  2 22:16:04 UTC 2025,213027
Fri May  2 23:15:59 UTC 2025,213028
Sat May  3 00:35:01 UTC 2025,213027
Sat May  3 01:45:11 UTC 2025,213029
Sat May  3 02:41:02 UTC 2025,213029
Sat May  3 03:25:23 UTC 2025,213032
Sat May  3 04:16:40 UTC 2025,213032
Sat May  3 05:16:16 UTC 2025,213034
Sat May  3 06:16:56 UTC 2025,213036
Sat May  3 07:15:56 UTC 2025,213039
Sat May  3 08:16:42 UTC 2025,213039
Sat May  3 09:16:02 UTC 2025,213039
Sat May  3 10:16:14 UTC 2025,213040
Sat May  3 11:15:24 UTC 2025,213040
Sat May  3 12:17:37 UTC 2025,213042
Sat May  3 13:17:36 UTC 2025,213045
Sat May  3 14:15:43 UTC 2025,213048
Sat May  3 15:16:11 UTC 2025,213048
Sat May  3 16:16:32 UTC 2025,213048
Sat May  3 17:15:30 UTC 2025,213050
Sat May  3 18:16:51 UTC 2025,213050
Sat May  3 19:15:12 UTC 2025,213050
Sat May  3 20:16:16 UTC 2025,213050
Sat May  3 21:15:45 UTC 2025,213053
Sat May  3 22:15:50 UTC 2025,213054
Sat May  3 23:15:52 UTC 2025,213055
Sun May  4 00:40:02 UTC 2025,213054
Sun May  4 01:45:38 UTC 2025,213054
Sun May  4 02:45:52 UTC 2025,213055
Sun May  4 03:30:47 UTC 2025,213055
Sun May  4 04:16:57 UTC 2025,213055
Sun May  4 05:16:04 UTC 2025,213058
Sun May  4 06:17:08 UTC 2025,213059
Sun May  4 07:15:49 UTC 2025,213061
Sun May  4 08:16:41 UTC 2025,213064
Sun May  4 09:16:06 UTC 2025,213066
Sun May  4 10:16:08 UTC 2025,213070
Sun May  4 11:15:24 UTC 2025,213068
Sun May  4 12:17:40 UTC 2025,213070
Sun May  4 13:17:46 UTC 2025,213068
Sun May  4 14:15:39 UTC 2025,213071
Sun May  4 15:16:07 UTC 2025,213080
Sun May  4 16:16:33 UTC 2025,213084
Sun May  4 17:15:42 UTC 2025,213087
Sun May  4 18:16:50 UTC 2025,213089
Sun May  4 19:15:32 UTC 2025,213087
Sun May  4 20:16:16 UTC 2025,213091
Sun May  4 21:15:46 UTC 2025,213089
Sun May  4 22:15:54 UTC 2025,213089
Sun May  4 23:15:58 UTC 2025,213091
Mon May  5 00:38:36 UTC 2025,213091
Mon May  5 01:45:27 UTC 2025,213089
Mon May  5 02:44:47 UTC 2025,213092
Mon May  5 03:29:53 UTC 2025,213092
Mon May  5 04:17:03 UTC 2025,213092
Mon May  5 05:16:37 UTC 2025,213091
Mon May  5 06:17:23 UTC 2025,213097
Mon May  5 07:16:20 UTC 2025,213097
Mon May  5 08:17:16 UTC 2025,213103
Mon May  5 09:16:31 UTC 2025,213105
Mon May  5 10:16:32 UTC 2025,213105
Mon May  5 11:15:41 UTC 2025,213105
Mon May  5 12:17:52 UTC 2025,213107
Mon May  5 13:19:57 UTC 2025,213108
Mon May  5 14:16:22 UTC 2025,213110
Mon May  5 15:16:24 UTC 2025,213110
Mon May  5 16:17:03 UTC 2025,213108
Mon May  5 17:16:04 UTC 2025,213110
Mon May  5 18:16:46 UTC 2025,213111
Mon May  5 19:15:06 UTC 2025,213115
Mon May  5 20:16:34 UTC 2025,213113
Mon May  5 21:15:58 UTC 2025,213121
Mon May  5 22:16:17 UTC 2025,213123
Mon May  5 23:16:02 UTC 2025,213123
Tue May  6 00:36:17 UTC 2025,213124
Tue May  6 01:45:18 UTC 2025,213125
Tue May  6 02:43:13 UTC 2025,213129
Tue May  6 03:28:27 UTC 2025,213130
Tue May  6 04:16:49 UTC 2025,213130
Tue May  6 05:16:18 UTC 2025,213131
Tue May  6 06:17:17 UTC 2025,213134
Tue May  6 07:16:22 UTC 2025,213135
Tue May  6 08:17:16 UTC 2025,213136
Tue May  6 09:16:34 UTC 2025,213136
Tue May  6 10:16:37 UTC 2025,213138
Tue May  6 11:15:54 UTC 2025,213138
Tue May  6 12:18:03 UTC 2025,213141
Tue May  6 13:21:17 UTC 2025,213143
Tue May  6 14:16:20 UTC 2025,213144
Tue May  6 16:16:46 UTC 2025,213151
Tue May  6 17:15:54 UTC 2025,213152
Tue May  6 18:17:13 UTC 2025,213152
Tue May  6 19:15:42 UTC 2025,213152
Tue May  6 20:16:33 UTC 2025,213154
Tue May  6 21:16:03 UTC 2025,213157
Tue May  6 22:16:06 UTC 2025,213159
Tue May  6 23:15:57 UTC 2025,213159
Wed May  7 00:36:22 UTC 2025,213164
Wed May  7 01:45:15 UTC 2025,213164
Wed May  7 02:44:00 UTC 2025,213164
Wed May  7 03:29:14 UTC 2025,213164
Wed May  7 04:16:53 UTC 2025,213164
Wed May  7 05:16:19 UTC 2025,213173
Wed May  7 06:17:18 UTC 2025,213174
Wed May  7 07:16:12 UTC 2025,213174
Wed May  7 08:17:17 UTC 2025,213173
Wed May  7 09:16:31 UTC 2025,213175
Wed May  7 10:16:31 UTC 2025,213179
Wed May  7 11:15:51 UTC 2025,213179
Wed May  7 12:18:00 UTC 2025,213181
Wed May  7 13:21:51 UTC 2025,213179
Wed May  7 14:16:24 UTC 2025,213182
Wed May  7 15:16:39 UTC 2025,213183
Wed May  7 16:16:58 UTC 2025,213184
Wed May  7 17:16:03 UTC 2025,213184
Wed May  7 18:17:16 UTC 2025,213184
Wed May  7 19:15:45 UTC 2025,213185
Wed May  7 20:16:36 UTC 2025,213187
Wed May  7 21:15:43 UTC 2025,213187
Wed May  7 22:16:08 UTC 2025,213187
Wed May  7 23:16:02 UTC 2025,213191
Thu May  8 00:36:25 UTC 2025,213193
Thu May  8 01:45:16 UTC 2025,213193
Thu May  8 02:44:17 UTC 2025,213194
Thu May  8 03:29:32 UTC 2025,213194
Thu May  8 04:17:03 UTC 2025,213194
Thu May  8 05:16:21 UTC 2025,213200
Thu May  8 06:17:23 UTC 2025,213200
Thu May  8 07:16:20 UTC 2025,213201
Thu May  8 08:17:10 UTC 2025,213203
Thu May  8 09:16:28 UTC 2025,213203
Thu May  8 10:16:32 UTC 2025,213206
Thu May  8 11:15:45 UTC 2025,213206
Thu May  8 12:17:53 UTC 2025,213209
Thu May  8 13:20:39 UTC 2025,213211
Thu May  8 14:16:15 UTC 2025,213213
Thu May  8 15:16:31 UTC 2025,213213
Thu May  8 16:16:56 UTC 2025,213213
Thu May  8 17:15:46 UTC 2025,213213
Thu May  8 18:17:10 UTC 2025,213217
Thu May  8 19:15:54 UTC 2025,213219
Thu May  8 20:16:43 UTC 2025,213217
Thu May  8 21:16:13 UTC 2025,213220
Thu May  8 22:16:03 UTC 2025,213220
Thu May  8 23:16:18 UTC 2025,213223
Fri May  9 00:36:30 UTC 2025,213224
Fri May  9 01:45:15 UTC 2025,213225
Fri May  9 02:43:59 UTC 2025,213226
Fri May  9 03:29:09 UTC 2025,213226
Fri May  9 04:17:11 UTC 2025,213227
Fri May  9 05:16:20 UTC 2025,213230
Fri May  9 06:17:21 UTC 2025,213231
Fri May  9 07:16:11 UTC 2025,213232
Fri May  9 08:17:05 UTC 2025,213232
Fri May  9 09:16:22 UTC 2025,213232
Fri May  9 10:16:28 UTC 2025,213233
Fri May  9 11:15:36 UTC 2025,213235
Fri May  9 12:17:50 UTC 2025,213235
Fri May  9 13:19:28 UTC 2025,213233
Fri May  9 14:16:14 UTC 2025,213237
Fri May  9 15:16:22 UTC 2025,213237
Fri May  9 16:16:51 UTC 2025,213240
Fri May  9 17:15:46 UTC 2025,213242
Fri May  9 18:17:10 UTC 2025,213242
Fri May  9 19:15:26 UTC 2025,213242
Fri May  9 20:16:38 UTC 2025,213243
Fri May  9 21:15:53 UTC 2025,213242
Fri May  9 22:16:02 UTC 2025,213244
Fri May  9 23:15:58 UTC 2025,213244
Sat May 10 00:34:32 UTC 2025,213246
Sat May 10 01:45:02 UTC 2025,213246
Sat May 10 02:41:08 UTC 2025,213246
Sat May 10 03:25:44 UTC 2025,213246
Sat May 10 04:16:32 UTC 2025,213247
Sat May 10 05:15:56 UTC 2025,213247
Sat May 10 06:16:56 UTC 2025,213249
Sat May 10 07:15:52 UTC 2025,213249
Sat May 10 08:16:42 UTC 2025,213249
Sat May 10 09:15:59 UTC 2025,213249
Sat May 10 10:16:08 UTC 2025,213251
Sat May 10 11:15:37 UTC 2025,213251
Sat May 10 12:17:37 UTC 2025,213251
Sat May 10 13:17:42 UTC 2025,213253
Sat May 10 14:15:50 UTC 2025,213258
Sat May 10 15:16:05 UTC 2025,213258
Sat May 10 16:16:32 UTC 2025,213258
Sat May 10 17:15:21 UTC 2025,213262
Sat May 10 18:16:48 UTC 2025,213262
Sat May 10 19:15:06 UTC 2025,213267
Sat May 10 20:16:15 UTC 2025,213267
Sat May 10 21:15:36 UTC 2025,213271
Sat May 10 22:15:44 UTC 2025,213274
Sat May 10 23:15:49 UTC 2025,213274
Sun May 11 00:39:17 UTC 2025,213276
Sun May 11 01:45:28 UTC 2025,213276
Sun May 11 02:45:16 UTC 2025,213276
Sun May 11 03:29:46 UTC 2025,213276
Sun May 11 04:16:49 UTC 2025,213276
Sun May 11 05:16:04 UTC 2025,213276
Sun May 11 06:17:03 UTC 2025,213276
Sun May 11 07:15:57 UTC 2025,213276
Sun May 11 08:16:49 UTC 2025,213276
Sun May 11 09:16:19 UTC 2025,213276
Sun May 11 10:16:07 UTC 2025,213276
Sun May 11 11:15:12 UTC 2025,213276
Sun May 11 12:17:38 UTC 2025,213279
Sun May 11 13:17:45 UTC 2025,213283
Sun May 11 14:15:54 UTC 2025,213281
Sun May 11 15:16:01 UTC 2025,213283
Sun May 11 16:16:32 UTC 2025,213283
Sun May 11 17:15:22 UTC 2025,213284
Sun May 11 18:16:51 UTC 2025,213285
Sun May 11 19:15:13 UTC 2025,213286
Sun May 11 20:16:14 UTC 2025,213290
Sun May 11 21:15:47 UTC 2025,213294
Sun May 11 22:15:59 UTC 2025,213294
Sun May 11 23:15:52 UTC 2025,213296
Mon May 12 00:38:57 UTC 2025,213300
Mon May 12 01:45:26 UTC 2025,213300
Mon May 12 02:45:05 UTC 2025,213300
Mon May 12 03:30:31 UTC 2025,213300
Mon May 12 04:17:05 UTC 2025,213300
Mon May 12 05:16:23 UTC 2025,213307
Mon May 12 06:17:26 UTC 2025,213308
Mon May 12 07:16:19 UTC 2025,213308
Mon May 12 08:17:19 UTC 2025,213308
Mon May 12 09:16:40 UTC 2025,213308
Mon May 12 10:16:40 UTC 2025,213308
Mon May 12 11:15:45 UTC 2025,213315
Mon May 12 12:17:54 UTC 2025,213316
Mon May 12 13:21:27 UTC 2025,213318
Mon May 12 14:16:27 UTC 2025,213318
Mon May 12 15:16:57 UTC 2025,213323
Mon May 12 16:17:01 UTC 2025,213327
Mon May 12 17:15:48 UTC 2025,213331
Mon May 12 18:17:10 UTC 2025,213331
Mon May 12 19:15:42 UTC 2025,213331
Mon May 12 20:16:36 UTC 2025,213335
Mon May 12 21:15:59 UTC 2025,213338
Mon May 12 22:16:06 UTC 2025,213344
Mon May 12 23:16:01 UTC 2025,213344
Tue May 13 00:36:47 UTC 2025,213346
Tue May 13 01:45:18 UTC 2025,213346
Tue May 13 02:44:34 UTC 2025,213346
Tue May 13 03:29:57 UTC 2025,213347
Tue May 13 04:17:01 UTC 2025,213347
Tue May 13 05:16:14 UTC 2025,213347
Tue May 13 06:17:22 UTC 2025,213347
Tue May 13 07:16:18 UTC 2025,213349
Tue May 13 08:17:15 UTC 2025,213354
Tue May 13 09:16:31 UTC 2025,213354
Tue May 13 10:16:33 UTC 2025,213354
Tue May 13 11:15:52 UTC 2025,213354
Tue May 13 12:17:58 UTC 2025,213357
Tue May 13 13:21:51 UTC 2025,213361
Tue May 13 14:16:23 UTC 2025,213362
Tue May 13 15:16:29 UTC 2025,213363
Tue May 13 16:16:59 UTC 2025,213363
Tue May 13 17:15:59 UTC 2025,213367
Tue May 13 18:17:17 UTC 2025,213365
Tue May 13 19:15:44 UTC 2025,213368
Tue May 13 20:16:40 UTC 2025,213368
Tue May 13 21:16:05 UTC 2025,213370
Tue May 13 22:16:09 UTC 2025,213371
Tue May 13 23:16:12 UTC 2025,213371
Wed May 14 00:36:28 UTC 2025,213371
Wed May 14 01:45:19 UTC 2025,213371
Wed May 14 02:44:03 UTC 2025,213371
Wed May 14 03:29:19 UTC 2025,213372
Wed May 14 04:17:10 UTC 2025,213372
Wed May 14 05:16:20 UTC 2025,213372
Wed May 14 06:17:16 UTC 2025,213372
Wed May 14 07:16:21 UTC 2025,213372
Wed May 14 08:17:07 UTC 2025,213372
Wed May 14 09:16:29 UTC 2025,213372
Wed May 14 10:16:51 UTC 2025,213372
Wed May 14 11:15:51 UTC 2025,213372
Wed May 14 12:17:51 UTC 2025,213372
Wed May 14 13:20:48 UTC 2025,213374
Wed May 14 14:16:21 UTC 2025,213375
Wed May 14 15:16:28 UTC 2025,213383
Wed May 14 16:18:16 UTC 2025,213383
Wed May 14 17:15:53 UTC 2025,213383
Wed May 14 18:16:54 UTC 2025,213384
Wed May 14 19:15:36 UTC 2025,213386
Wed May 14 20:16:05 UTC 2025,213384
Wed May 14 21:15:30 UTC 2025,213386
Wed May 14 22:15:34 UTC 2025,213386
Wed May 14 23:15:54 UTC 2025,213388
Thu May 15 00:35:50 UTC 2025,213390
Thu May 15 01:45:10 UTC 2025,213394
Thu May 15 02:43:36 UTC 2025,213395
Thu May 15 03:29:34 UTC 2025,213395
Thu May 15 04:16:59 UTC 2025,213395
Thu May 15 05:16:24 UTC 2025,213395
Thu May 15 06:17:21 UTC 2025,213395
Thu May 15 07:16:17 UTC 2025,213396
Thu May 15 08:17:13 UTC 2025,213399
Thu May 15 09:16:38 UTC 2025,213400
Thu May 15 10:16:31 UTC 2025,213400
Thu May 15 11:15:46 UTC 2025,213402
Thu May 15 12:17:55 UTC 2025,213403
Thu May 15 13:20:03 UTC 2025,213405
Thu May 15 14:16:27 UTC 2025,213405
Thu May 15 15:16:20 UTC 2025,213406
Thu May 15 16:17:01 UTC 2025,213408
Thu May 15 17:15:54 UTC 2025,213409
Thu May 15 18:17:14 UTC 2025,213409
Thu May 15 19:15:32 UTC 2025,213411
Thu May 15 20:16:39 UTC 2025,213413
Thu May 15 21:16:10 UTC 2025,213413
Thu May 15 22:16:05 UTC 2025,213413
Thu May 15 23:16:08 UTC 2025,213413
Fri May 16 00:37:03 UTC 2025,213415
Fri May 16 01:45:23 UTC 2025,213422
Fri May 16 02:44:38 UTC 2025,213424
Fri May 16 03:30:14 UTC 2025,213426
Fri May 16 04:17:05 UTC 2025,213428
Fri May 16 08:17:12 UTC 2025,213431
Fri May 16 09:16:27 UTC 2025,213433
Fri May 16 10:16:32 UTC 2025,213433
Fri May 16 11:15:48 UTC 2025,213433
Fri May 16 12:18:00 UTC 2025,213433
Fri May 16 13:20:28 UTC 2025,213440
Fri May 16 14:16:11 UTC 2025,213441
Fri May 16 15:16:11 UTC 2025,213441
Fri May 16 16:16:55 UTC 2025,213441
Fri May 16 17:15:38 UTC 2025,213442
Fri May 16 18:17:15 UTC 2025,213444
Fri May 16 19:15:40 UTC 2025,213445
Fri May 16 20:16:35 UTC 2025,213445
Fri May 16 21:16:02 UTC 2025,213447
Fri May 16 22:16:06 UTC 2025,213453
Fri May 16 23:16:10 UTC 2025,213453
Sat May 17 00:35:51 UTC 2025,213456
Sat May 17 01:45:09 UTC 2025,213456
Sat May 17 02:42:22 UTC 2025,213457
Sat May 17 03:27:37 UTC 2025,213457
Sat May 17 04:16:45 UTC 2025,213459
Sat May 17 05:16:04 UTC 2025,213459
Sat May 17 06:17:04 UTC 2025,213459
Sat May 17 07:15:53 UTC 2025,213464
Sat May 17 08:16:46 UTC 2025,213464
Sat May 17 09:16:10 UTC 2025,213464
Sat May 17 10:16:19 UTC 2025,213464
Sat May 17 11:15:20 UTC 2025,213465
Sat May 17 12:17:40 UTC 2025,213469
Sat May 17 13:17:44 UTC 2025,213469
Sat May 17 14:15:46 UTC 2025,213470
Sat May 17 15:16:02 UTC 2025,213470
Sat May 17 16:16:34 UTC 2025,213470
Sat May 17 17:15:44 UTC 2025,213470
Sat May 17 18:16:56 UTC 2025,213474
Sat May 17 19:15:30 UTC 2025,213475
Sat May 17 20:16:19 UTC 2025,213475
Sat May 17 21:15:44 UTC 2025,213475
Sat May 17 22:15:51 UTC 2025,213476
Sat May 17 23:16:02 UTC 2025,213478
Sun May 18 00:39:42 UTC 2025,213478
Sun May 18 01:45:46 UTC 2025,213479
Sun May 18 02:46:01 UTC 2025,213481
Sun May 18 03:31:44 UTC 2025,213483
Sun May 18 04:17:26 UTC 2025,213483
Sun May 18 05:16:11 UTC 2025,213483
Sun May 18 06:17:06 UTC 2025,213483
Sun May 18 07:15:54 UTC 2025,213483
Sun May 18 08:16:45 UTC 2025,213483
Sun May 18 09:16:04 UTC 2025,213483
Sun May 18 10:16:10 UTC 2025,213483
Sun May 18 11:15:22 UTC 2025,213483
Sun May 18 12:17:42 UTC 2025,213483
Sun May 18 13:17:49 UTC 2025,213485
Sun May 18 14:15:40 UTC 2025,213488
Sun May 18 15:15:57 UTC 2025,213488
Sun May 18 16:16:31 UTC 2025,213488
Sun May 18 17:15:29 UTC 2025,213488
Sun May 18 18:16:54 UTC 2025,213489
Sun May 18 19:15:20 UTC 2025,213493
Sun May 18 20:16:29 UTC 2025,213492
Sun May 18 21:15:43 UTC 2025,213493
Sun May 18 22:15:54 UTC 2025,213494
Sun May 18 23:16:00 UTC 2025,213539
Mon May 19 00:39:15 UTC 2025,213546
Mon May 19 01:45:37 UTC 2025,213555
Mon May 19 02:46:06 UTC 2025,213558
Mon May 19 03:32:44 UTC 2025,213562
Mon May 19 04:17:57 UTC 2025,213567
Mon May 19 05:16:18 UTC 2025,213569
Mon May 19 06:17:27 UTC 2025,213576
Mon May 19 07:16:27 UTC 2025,213583
Mon May 19 08:17:29 UTC 2025,213585
Mon May 19 09:16:47 UTC 2025,213589
Mon May 19 10:16:46 UTC 2025,213596
Mon May 19 11:15:55 UTC 2025,213597
Mon May 19 12:18:03 UTC 2025,213601
Mon May 19 13:21:43 UTC 2025,213607
Mon May 19 14:16:20 UTC 2025,213607
Mon May 19 15:16:37 UTC 2025,213608
Mon May 19 16:17:00 UTC 2025,213611
Mon May 19 17:15:58 UTC 2025,213611
Mon May 19 18:17:31 UTC 2025,213612
Mon May 19 19:15:37 UTC 2025,213619
Mon May 19 20:16:41 UTC 2025,213626
Mon May 19 21:16:13 UTC 2025,213628
Mon May 19 22:16:08 UTC 2025,213628
Mon May 19 23:16:09 UTC 2025,213631
Tue May 20 00:37:37 UTC 2025,213639
Tue May 20 01:45:21 UTC 2025,213639
Tue May 20 02:44:39 UTC 2025,213639
Tue May 20 03:30:13 UTC 2025,213639
Tue May 20 04:17:06 UTC 2025,213639
Tue May 20 05:16:19 UTC 2025,213639
Tue May 20 06:17:25 UTC 2025,213643
Tue May 20 07:16:24 UTC 2025,213650
Tue May 20 08:17:29 UTC 2025,213654
Tue May 20 09:16:35 UTC 2025,213657
Tue May 20 10:16:44 UTC 2025,213658
Tue May 20 11:15:50 UTC 2025,213658
Tue May 20 12:17:59 UTC 2025,213659
Tue May 20 13:21:54 UTC 2025,213662
Tue May 20 14:16:21 UTC 2025,213664
Tue May 20 15:16:36 UTC 2025,213664
Tue May 20 16:17:00 UTC 2025,213664
Tue May 20 17:16:09 UTC 2025,213664
Tue May 20 18:17:16 UTC 2025,213666
Tue May 20 19:15:32 UTC 2025,213671
Tue May 20 20:16:42 UTC 2025,213673
Tue May 20 21:16:04 UTC 2025,213673
Tue May 20 22:16:05 UTC 2025,213677
Tue May 20 23:15:59 UTC 2025,213677
Wed May 21 00:37:11 UTC 2025,213677
Wed May 21 01:45:21 UTC 2025,213677
Wed May 21 02:44:37 UTC 2025,213677
Wed May 21 03:29:52 UTC 2025,213678
Wed May 21 04:17:05 UTC 2025,213682
Wed May 21 05:16:22 UTC 2025,213686
Wed May 21 06:17:22 UTC 2025,213686
Wed May 21 07:16:10 UTC 2025,213687
Wed May 21 08:17:13 UTC 2025,213688
Wed May 21 09:16:41 UTC 2025,213688
Wed May 21 10:16:43 UTC 2025,213688
Wed May 21 11:15:51 UTC 2025,213688
Wed May 21 12:17:58 UTC 2025,213689
Wed May 21 13:21:15 UTC 2025,213691
Wed May 21 14:16:25 UTC 2025,213694
Wed May 21 15:16:40 UTC 2025,213694
Wed May 21 16:17:02 UTC 2025,213694
Wed May 21 17:15:48 UTC 2025,213696
Wed May 21 18:17:18 UTC 2025,213694
Wed May 21 19:15:36 UTC 2025,213696
Wed May 21 20:16:39 UTC 2025,213696
Wed May 21 21:16:01 UTC 2025,213696
Wed May 21 22:16:09 UTC 2025,213698
Wed May 21 23:16:07 UTC 2025,213700
Thu May 22 00:36:35 UTC 2025,213702
Thu May 22 01:45:20 UTC 2025,213700
Thu May 22 02:44:25 UTC 2025,213702
Thu May 22 03:29:55 UTC 2025,213702
Thu May 22 04:17:11 UTC 2025,213704
Thu May 22 05:16:24 UTC 2025,213704
Thu May 22 06:17:22 UTC 2025,11
Thu May 22 08:20:11 UTC 2025,213714
Thu May 22 09:16:34 UTC 2025,19
Thu May 22 10:16:37 UTC 2025,213715
Thu May 22 11:15:57 UTC 2025,19
Thu May 22 12:18:02 UTC 2025,19
Thu May 22 13:21:23 UTC 2025,213715
Thu May 22 14:16:19 UTC 2025,213719
Thu May 22 15:16:32 UTC 2025,213719
Thu May 22 16:17:03 UTC 2025,213719
Thu May 22 17:15:56 UTC 2025,213719
Thu May 22 18:17:16 UTC 2025,213721
Thu May 22 19:15:37 UTC 2025,213723
Thu May 22 20:16:39 UTC 2025,213723
Thu May 22 21:16:07 UTC 2025,213726
Thu May 22 22:16:07 UTC 2025,213729
Thu May 22 23:16:12 UTC 2025,213730
Fri May 23 00:36:57 UTC 2025,213731
Fri May 23 01:45:18 UTC 2025,213731
Fri May 23 02:44:28 UTC 2025,213731
Fri May 23 03:29:50 UTC 2025,213731
Fri May 23 04:16:55 UTC 2025,213731
Fri May 23 05:16:20 UTC 2025,213731
Fri May 23 06:17:23 UTC 2025,213732
Fri May 23 07:16:20 UTC 2025,213732
Fri May 23 08:17:14 UTC 2025,39
Fri May 23 09:16:31 UTC 2025,40
Fri May 23 10:16:31 UTC 2025,40
Fri May 23 11:15:43 UTC 2025,42
Fri May 23 12:17:55 UTC 2025,42
Fri May 23 13:20:06 UTC 2025,213740
Fri May 23 14:16:13 UTC 2025,213740
Fri May 23 15:16:24 UTC 2025,213740
Fri May 23 16:16:53 UTC 2025,45
Fri May 23 17:15:58 UTC 2025,213743
Fri May 23 18:17:03 UTC 2025,50
Fri May 23 19:15:33 UTC 2025,50
Fri May 23 20:16:37 UTC 2025,50
Fri May 23 21:15:46 UTC 2025,50
Fri May 23 22:16:07 UTC 2025,52
Fri May 23 23:16:08 UTC 2025,52
Sat May 24 00:35:10 UTC 2025,52
Sat May 24 01:45:05 UTC 2025,52
Sat May 24 02:41:59 UTC 2025,52
Sat May 24 03:26:55 UTC 2025,52
Sat May 24 04:16:39 UTC 2025,52
Sat May 24 05:16:06 UTC 2025,52
Sat May 24 06:17:05 UTC 2025,52
Sat May 24 07:15:56 UTC 2025,213751
Sat May 24 08:16:43 UTC 2025,213751
Sat May 24 09:16:03 UTC 2025,213751
Sat May 24 10:16:04 UTC 2025,213751
Sat May 24 11:15:18 UTC 2025,213752
Sat May 24 12:17:39 UTC 2025,213752
Sat May 24 13:18:09 UTC 2025,213752
Sat May 24 14:15:41 UTC 2025,213753
Sat May 24 15:15:58 UTC 2025,213753
Sat May 24 16:16:31 UTC 2025,213754
Sat May 24 17:15:43 UTC 2025,58
Sat May 24 18:16:55 UTC 2025,213756
Sat May 24 19:15:14 UTC 2025,213758
Sat May 24 20:16:19 UTC 2025,213758
Sat May 24 21:15:45 UTC 2025,213758
Sat May 24 22:15:59 UTC 2025,213759
Sat May 24 23:16:04 UTC 2025,64
Sun May 25 00:40:59 UTC 2025,64
Sun May 25 01:45:39 UTC 2025,64
Sun May 25 02:46:45 UTC 2025,64
Sun May 25 03:32:58 UTC 2025,64
Sun May 25 04:17:46 UTC 2025,65
Sun May 25 05:16:04 UTC 2025,65
Sun May 25 06:17:02 UTC 2025,65
Sun May 25 07:15:52 UTC 2025,65
Sun May 25 08:16:45 UTC 2025,65
Sun May 25 09:16:07 UTC 2025,65
Sun May 25 10:16:13 UTC 2025,65
Sun May 25 11:15:18 UTC 2025,65
Sun May 25 12:17:49 UTC 2025,65
Sun May 25 13:17:50 UTC 2025,65
Sun May 25 14:15:48 UTC 2025,65
Sun May 25 15:16:00 UTC 2025,65
Sun May 25 16:16:38 UTC 2025,65
Sun May 25 17:15:36 UTC 2025,65
Sun May 25 18:16:58 UTC 2025,68
Sun May 25 19:15:20 UTC 2025,213767
Sun May 25 20:16:17 UTC 2025,213767
Sun May 25 21:15:48 UTC 2025,213767
Sun May 25 22:16:05 UTC 2025,213767
Sun May 25 23:16:02 UTC 2025,213767
Mon May 26 00:38:17 UTC 2025,213767
Mon May 26 01:45:27 UTC 2025,213767
Mon May 26 02:45:47 UTC 2025,213767
Mon May 26 03:31:52 UTC 2025,213767
Mon May 26 04:17:34 UTC 2025,213767
Mon May 26 05:16:30 UTC 2025,213767
Mon May 26 06:17:30 UTC 2025,213767
Mon May 26 07:17:10 UTC 2025,213769
Mon May 26 08:18:30 UTC 2025,213769
Mon May 26 09:29:43 UTC 2025,213769
Mon May 26 10:17:16 UTC 2025,213769
Mon May 26 11:15:36 UTC 2025,213769
Mon May 26 12:17:51 UTC 2025,213769
Mon May 26 13:19:44 UTC 2025,213769
Mon May 26 14:16:21 UTC 2025,213769
Mon May 26 15:16:26 UTC 2025,75
Mon May 26 16:16:49 UTC 2025,213774
Mon May 26 17:15:48 UTC 2025,213776
Mon May 26 18:17:03 UTC 2025,213777
Mon May 26 19:15:33 UTC 2025,213777
Mon May 26 20:16:32 UTC 2025,213780
Mon May 26 21:15:52 UTC 2025,213780
Mon May 26 22:16:03 UTC 2025,85
Mon May 26 23:16:02 UTC 2025,213783
Tue May 27 00:36:22 UTC 2025,93
Tue May 27 01:45:15 UTC 2025,93
Tue May 27 02:44:17 UTC 2025,93
Tue May 27 03:29:55 UTC 2025,93
Tue May 27 04:17:32 UTC 2025,93
Tue May 27 05:16:24 UTC 2025,93
Tue May 27 06:17:18 UTC 2025,93
Tue May 27 07:16:26 UTC 2025,93
Tue May 27 08:17:08 UTC 2025,93
Tue May 27 09:16:31 UTC 2025,93
Tue May 27 10:16:40 UTC 2025,213792
Tue May 27 11:15:50 UTC 2025,213792
Tue May 27 12:17:59 UTC 2025,213792
Tue May 27 13:21:46 UTC 2025,213793
Tue May 27 14:16:18 UTC 2025,213793
Tue May 27 15:16:33 UTC 2025,213793
Tue May 27 16:17:02 UTC 2025,100
Tue May 27 17:15:56 UTC 2025,100
Tue May 27 18:17:04 UTC 2025,213800
Tue May 27 19:15:31 UTC 2025,213801
Tue May 27 20:16:40 UTC 2025,213803
Tue May 27 21:16:14 UTC 2025,213805
Tue May 27 22:16:04 UTC 2025,213805
Tue May 27 23:16:02 UTC 2025,213805
Wed May 28 00:36:43 UTC 2025,213805
Wed May 28 01:45:25 UTC 2025,213805
Wed May 28 02:44:49 UTC 2025,213805
Wed May 28 04:17:11 UTC 2025,109
Wed May 28 05:16:20 UTC 2025,213808
Wed May 28 06:17:23 UTC 2025,213806
Wed May 28 07:16:21 UTC 2025,213809
Wed May 28 08:17:13 UTC 2025,213808
Wed May 28 09:16:39 UTC 2025,213809
Wed May 28 10:16:39 UTC 2025,115
Wed May 28 11:15:57 UTC 2025,213810
Wed May 28 12:17:58 UTC 2025,115
Wed May 28 13:21:56 UTC 2025,213813
Wed May 28 14:16:30 UTC 2025,213813
Wed May 28 15:16:46 UTC 2025,213813
